player_id,sleeper_av,player_name,pos,age,team
4984,60,Josh Allen,QB,29.3,BUF
4881,57,Lamar Jackson,QB,28.6,BAL
7564,56,Ja'Marr Chase,WR,25.5,CIN
9509,54,Bijan Robinson,RB,23.6,ATL
11566,49,Jayden Daniels,QB,24.7,WAS
6794,47,Justin Jefferson,WR,26.2,MIN
6770,46,Joe Burrow,QB,28.7,CIN
9221,45,Jahmyr Gibbs,RB,23.4,DET
4866,45,Saquon Barkley,RB,28.5,PHI
6904,45,Jalen Hurts,QB,27.1,PHI
12527,43,Ashton Jeanty,RB,21.7,LV
6786,41,CeeDee Lamb,WR,26.4,DAL
11604,40,Brock Bowers,TE,22.7,LV
7547,40,Amon-Ra St. Brown,WR,25.8,DET
11632,37,Malik Nabers,WR,22.1,NYG
4034,37,Christian McCaffrey,RB,29.2,SF
3198,37,Derrick Henry,RB,31.6,BAL
9493,37,Puka Nacua,WR,24.2,LAR
4046,37,Patrick Mahomes,QB,29.9,KC
7569,36,Nico Collins,WR,26.4,HOU
11631,32,Brian Thomas,WR,22.9,JAX
9226,31,De'Von Achane,RB,23.9,MIA
8112,31,Drake London,WR,24.1,ATL
8130,31,Trey McBride,TE,25.8,ARI
11584,31,Bucky Irving,RB,23,TB
5850,30,Josh Jacobs,RB,27.5,GB
6813,30,Jonathan Taylor,RB,26.6,IND
5859,29,A.J. Brown,WR,28.2,PHI
11635,29,Ladd McConkey,WR,23.8,LAC
11563,27,Bo Nix,QB,25.5,DEN
4892,27,Baker Mayfield,QB,30.4,TB
8150,27,Kyren Williams,RB,25,LAR
9224,26,Chase Brown,RB,25.4,CIN
11628,25,Marvin Harrison,WR,23,ARI
9488,25,Jaxon Smith-Njigba,WR,23.5,SEA
4217,25,George Kittle,TE,31.9,SF
8155,24,Breece Hall,RB,24.2,NYJ
12507,24,Omarion Hampton,RB,22.5,LAC
8146,24,Garrett Wilson,WR,25.1,NYJ
8138,23,James Cook,RB,25.9,BUF
6801,23,Tee Higgins,WR,26.6,CIN
6797,23,Justin Herbert,QB,27.5,LAC
3321,22,Tyreek Hill,WR,31.5,MIA
5849,22,Kyler Murray,QB,28.1,ARI
4035,22,Alvin Kamara,RB,30.1,NO
5927,22,Terry McLaurin,WR,30,WAS
2216,22,Mike Evans,WR,32,TB
10859,21,Sam LaPorta,TE,24.6,DET
10229,21,Rashee Rice,WR,25.3,KC
8151,21,Kenneth Walker,RB,24.9,SEA
8183,21,Brock Purdy,QB,25.7,SF
11560,20,Caleb Williams,QB,23.8,CHI
3163,20,Jared Goff,QB,30.9,DET
7594,20,Chuba Hubbard,RB,26.2,CAR
12529,20,TreVeyon Henderson,RB,22.9,NE
2133,20,Davante Adams,WR,32.7,LAR
11564,19,Drake Maye,QB,23,NE
12526,19,Tetairoa McMillan,WR,22.4,CAR
4983,19,DJ Moore,WR,28.4,CHI
9758,18,C.J. Stroud,QB,23.9,HOU
3294,16,Dak Prescott,QB,32.1,DAL
5846,16,DK Metcalf,WR,27.7,PIT
4137,16,James Conner,RB,30.3,ARI
7525,15,DeVonta Smith,WR,26.8,PHI
12489,15,RJ Harvey,RB,24.6,DEN
12530,15,Travis Hunter,WR,22.3,JAX
11624,15,Xavier Worthy,WR,22.3,KC
5844,15,T.J. Hockenson,TE,28.2,MIN
6804,14,Jordan Love,QB,26.8,GB
5045,14,Courtland Sutton,WR,29.9,DEN
7591,14,Justin Fields,QB,26.5,NYJ
1466,14,Travis Kelce,TE,35.9,KC
4018,13,Joe Mixon,RB,29.1,HOU
9997,12,Zay Flowers,WR,25,BAL
5892,12,David Montgomery,RB,28.2,DET
11565,12,J.J. McCarthy,QB,22.6,MIN
8148,11,Jameson Williams,WR,24.4,DET
8137,11,George Pickens,WR,24.5,DAL
12512,11,Quinshon Judkins,RB,21.8,CLE
8205,11,Isiah Pacheco,RB,26.5,KC
7523,11,Trevor Lawrence,QB,25.9,JAX
12504,11,Kaleb Johnson,RB,22,PIT
11620,10,Rome Odunze,WR,23.2,CHI
6790,10,D'Andre Swift,RB,26.6,CHI
12518,10,Tyler Warren,TE,23.3,IND
7526,10,Jaylen Waddle,WR,26.8,MIA
5012,10,Mark Andrews,TE,30,BAL
4199,9,Aaron Jones,RB,30.7,MIN
5967,9,Tony Pollard,RB,28.3,TEN
8144,8,Chris Olave,WR,25.2,NO
4981,8,Calvin Ridley,WR,30.7,TEN
6783,8,Jerry Jeudy,WR,26.3,CLE
11559,8,Michael Penix,QB,25.3,ATL
9756,8,Jordan Addison,WR,23.6,MIN
12522,8,Cam Ward,QB,23.3,TEN
4066,7,Evan Engram,TE,31,DEN
7543,7,Travis Etienne,RB,26.6,JAX
8154,6,Brian Robinson,RB,26.4,SF
9228,6,Bryce Young,QB,24.1,CAR
11638,6,Ricky Pearsall,WR,25,SF
4033,6,David Njoku,TE,29.1,CLE
5947,6,Jakobi Meyers,WR,28.8,LV
12501,5,Matthew Golden,WR,22.1,GB
11655,5,Tyrone Tracy,RB,25.8,NYG
5872,4,Deebo Samuel,WR,29.6,WAS
6768,4,Tua Tagovailoa,QB,27.5,MIA
12517,4,Colston Loveland,TE,21.4,CHI
4037,4,Chris Godwin,WR,29.5,TB
421,4,Matthew Stafford,QB,37.6,LAR
8228,3,Jaylen Warren,RB,26.8,PIT
12514,3,Emeka Egbuka,WR,22.9,TB
7049,3,Jauan Jennings,WR,28.1,SF
8134,3,Khalil Shakir,WR,25.6,BUF
1373,3,Geno Smith,QB,34.9,LV
4039,3,Cooper Kupp,WR,32.2,SEA
2449,3,Stefon Diggs,WR,31.7,NE
12481,3,Cam Skattebo,RB,23.6,NYG
9484,3,Tucker Kraft,TE,24.8,GB
9753,3,Zach Charbonnet,RB,24.6,SEA
10236,3,Dalton Kincaid,TE,25.9,BUF
10222,3,Jayden Reed,WR,25.3,GB
4943,3,Sam Darnold,QB,28.2,SEA
8408,2,Jordan Mason,RB,26.3,MIN
7553,2,Kyle Pitts,TE,24.9,ATL
4144,2,Jonnu Smith,TE,30,PIT
7588,2,Javonte Williams,RB,25.3,DAL
9500,2,Josh Downs,WR,24,IND
8110,2,Jake Ferguson,TE,26.6,DAL
6806,2,J.K. Dobbins,RB,26.7,DEN
12484,1,Jayden Higgins,WR,22.7,HOU
6819,1,Michael Pittman,WR,27.9,IND
6803,1,Brandon Aiyuk,WR,27.4,SF
7528,1,Najee Harris,RB,27.5,LAC
5022,1,Dallas Goedert,TE,30.7,PHI
7611,1,Rhamondre Stevenson,RB,27.5,NE
11637,1,Keon Coleman,WR,22.3,BUF
12457,1,Jaydon Blue,RB,21.6,DAL
8136,1,Rachaad White,RB,26.6,TB
1339,1,Zach Ertz,TE,34.8,WAS
11589,1,Trey Benson,RB,23.1,ARI
12519,1,Luther Burden,WR,21.7,CHI
96,1,Aaron Rodgers,QB,41.7,PIT
12509,1,Tre' Harris,WR,23.5,LAC
4988,1,Nick Chubb,RB,29.7,HOU
4663,1,Austin Ekeler,RB,30.3,WAS
12533,1,Jacory Croskey-Merritt,RB,24.4,WAS
8676,1,Rashid Shaheed,WR,27,NO
9494,1,Marvin Mims,WR,23.4,DEN
9229,1,Anthony Richardson,QB,23.3,IND
7090,1,Darnell Mooney,WR,27.8,ATL
1234,1,Russell Wilson,QB,36.7,NYG
9508,1,Tyjae Spears,RB,24.2,TEN
9225,1,Tank Bigsby,RB,23,JAX
8131,0,Isaiah Likely,TE,25.4,BAL
12490,0,Bhayshul Tuten,RB,23.5,JAX
7571,0,Rashod Bateman,WR,25.7,BAL
3214,-0,Hunter Henry,TE,30.7,NE
4950,-0,Christian Kirk,WR,28.8,HOU
12508,-1,Jaxson Dart,QB,22.3,NYG
12547,-1,Kyle Williams,WR,22.8,NE
11576,-1,Braelon Allen,RB,21.6,NYJ
11575,-1,Ray Davis,RB,25.8,BUF
1479,-1,Keenan Allen,WR,33.3,LAC
11651,-1,Isaac Guerendo,RB,25.2,SF
8132,-1,Tyler Allgeier,RB,25.4,ATL
12469,-1,Dylan Sampson,RB,21,CLE
5870,-2,Daniel Jones,QB,28.3,IND
9480,-2,Brenton Strange,TE,24.7,JAX
1689,-2,Adam Thielen,WR,35,MIN
8143,-2,Jerome Ford,RB,26,CLE
12545,-2,Tyler Shough,QB,25.9,NO
12483,-2,Jack Bech,WR,22.7,LV
12498,-2,Mason Taylor,TE,21.3,NYJ
5848,-2,Hollywood Brown,WR,28.2,KC
10444,-2,Cedric Tillman,WR,25.4,CLE
7600,-2,Pat Freiermuth,TE,26.8,PIT
7670,-2,Joshua Palmer,WR,25.9,BUF
19,-2,Joe Flacco,QB,40.6,CLE
8126,-3,Wan'Dale Robinson,WR,24.6,NYG
8210,-3,Chig Okonkwo,TE,26,TEN
8111,-3,Cade Otton,TE,26.4,TB
11626,-3,Xavier Legette,WR,24.6,CAR
12495,-3,Ollie Gordon,RB,21.6,MIA
9501,-3,DeMario Douglas,WR,24.7,NE
4993,-3,Mike Gesicki,TE,29.9,CIN
7021,-3,Rico Dowdle,RB,27.2,CAR
11643,-3,Jaylen Wright,RB,22.4,MIA
12524,-3,Shedeur Sanders,QB,23.6,CLE
4098,-3,Kareem Hunt,RB,30.1,KC
11618,-3,Jalen McMillan,WR,23.7,TB
2505,-4,Darren Waller,TE,33,MIA
12541,-4,Dont'e Thornton,WR,22.7,LV
8121,-4,Romeo Doubs,WR,25.4,GB
10235,-5,Roschon Johnson,RB,24.6,CHI
12492,-5,Pat Bryant,WR,22.7,DEN
11586,-5,Blake Corum,RB,24.8,LAR
12521,-5,Elijah Arroyo,TE,22.4,SEA
9754,-5,Quentin Johnston,WR,24,LAC
5001,-5,Dalton Schultz,TE,29.1,HOU
5995,-5,Justice Hill,RB,27.8,BAL
1426,-6,DeAndre Hopkins,WR,33.2,BAL
11577,-6,Will Shipley,RB,23,PHI
12474,-6,Woody Marks,RB,24.7,HOU
12499,-6,Elic Ayomanor,WR,22.2,TEN
12535,-6,Isaac TeSlaa,WR,23.5,DET
11600,-6,Ja'Tavion Sanders,TE,22.4,CAR
12510,-6,Jalen Milroe,QB,22.7,SEA
8142,-7,Alec Pierce,WR,25.3,IND
11562,-7,Spencer Rattler,QB,24.9,NO
12471,-7,DJ Giddens,RB,22,IND
12476,-7,Devin Neal,RB,22,NO
11597,-7,Theo Johnson,TE,24.5,NYG
12536,-8,Jaylin Noel,WR,23,HOU
11646,-9,Jalen Coker,WR,23.8,CAR
2374,-9,Tyler Lockett,WR,32.9,TEN
12487,-9,Terrance Ferguson,TE,22.5,LAR
12534,-9,Kyle Monangai,RB,23.2,CHI
10232,-9,Michael Wilson,WR,25.5,ARI
7002,-10,Juwan Johnson,TE,29,NO
9511,-10,Keaton Mitchell,RB,23.6,BAL
12497,-10,Tory Horton,WR,22.7,SEA
6826,-10,Cole Kmet,TE,26.5,CHI
6151,-10,Miles Sanders,RB,28.3,DAL
1166,-10,Kirk Cousins,QB,37,ATL
2309,-11,Amari Cooper,WR,31.2,LV
12505,-11,Jalen Royals,WR,22.5,KC
12543,-11,Tahj Brooks,RB,23.3,CIN
7587,-11,Dyami Brown,WR,25.8,JAX
11569,-11,Jarquez Hunter,RB,22.7,LAR
12455,-12,Brashard Smith,RB,22.4,KC
8125,-12,Calvin Austin,WR,26.4,PIT
7828,-12,Noah Gray,TE,26.3,KC
6149,-12,Darius Slayton,WR,28.6,NYG
2749,-13,Raheem Mostert,RB,33.4,LV
12506,-13,Harold Fannin,TE,21.1,CLE
11581,-13,MarShawn Lloyd,RB,24.6,GB
11625,-13,Adonai Mitchell,WR,22.9,IND
11630,-13,Roman Wilson,WR,24.2,PIT
12467,-14,Jordan James,RB,21.4,SF
9506,-14,Sean Tucker,RB,23.8,TB
3271,-15,Tyler Higbee,TE,32.7,LAR
8180,-16,Jalen Nailor,WR,26.5,MIN
12641,-16,Jaylin Lane,WR,23.3,WAS
11627,-16,Troy Franklin,WR,22.6,DEN
9757,-16,Kendre Miller,RB,23.2,NO
7561,-16,Elijah Mitchell,RB,27.3,KC
12493,-17,Oronde Gadsden,TE,22.2,LAC
10226,-17,Andrei Iosivas,WR,25.9,CIN
11596,-17,Ben Sinnott,TE,23.2,WAS
11557,-17,Joe Milton,QB,25.5,DAL
5133,-17,Tyler Conklin,TE,30.1,LAC
5937,-17,Diontae Johnson,WR,29.1,NA
12531,-17,Trevor Etienne,RB,21.1,CAR
9486,-17,Dontayvion Wicks,WR,24.2,GB
2306,-18,Jameis Winston,QB,31.6,NYG
11623,-18,Jordan Whittington,WR,24.9,LAR
8160,-18,Kenny Pickett,QB,27.2,LV
11834,-18,Devaughn Vele,WR,27.7,NO
5857,-19,Noah Fant,TE,27.8,CIN
4381,-19,Taysom Hill,TE,35,NO
5010,-19,Will Dissly,TE,29.1,LAC
7562,-19,Tutu Atwell,WR,25.9,LAR
9482,-19,Michael Mayer,TE,24.1,LV
9504,-19,Kayshon Boutte,WR,23.3,NE
7596,-20,Elijah Moore,WR,25.4,BUF
11439,-20,Jaleel McLaughlin,RB,25,DEN
12520,-20,Xavier Restrepo,WR,23.4,TEN
5086,-20,Marquez Valdes-Scantling,WR,30.9,SF
6845,-20,Zack Moss,RB,27.7,NA
12456,-20,Player Invalid,WR,NA,NA
1837,-20,Jimmy Garoppolo,QB,33.8,LAR
12670,-20,KeAndre Lambert-Smith,WR,23.9,LAC
11603,-20,AJ Barner,TE,23.3,SEA
8129,-20,Dameon Pierce,RB,25.5,HOU
12503,-20,Isaiah Bond,WR,21.5,CLE
4171,-21,Josh Reynolds,WR,30.5,NYJ
11435,-21,Emanuel Wilson,RB,26.3,GB
5096,-21,Ray-Ray McCloud,WR,28.9,ATL
8917,-21,KaVontae Turpin,WR,29.1,DAL
6828,-21,A.J. Dillon,RB,27.3,PHI
12486,-21,Dillon Gabriel,QB,24.7,CLE
8167,-21,Christian Watson,WR,26.3,GB
12502,-21,Gunnar Helm,TE,23,TEN
7538,-21,Zach Wilson,QB,26.1,MIA
6039,-21,Ty Johnson,RB,27.9,BUF
11610,-21,Malik Washington,WR,24.6,MIA
7496,-22,Nick Westbrook-Ikhine,WR,28.4,MIA
2197,-22,Brandin Cooks,WR,31.9,NO
5906,-22,Dawson Knox,TE,28.8,BUF
10213,-22,Tre Tucker,WR,24.5,LV
12511,-22,Will Howard,QB,23.9,PIT
4147,-22,Samaje Perine,RB,29.9,CIN
8161,-22,Malik Willis,QB,26.3,GB
12458,-22,Deion Burks,WR,NA,NA
6130,-22,Devin Singletary,RB,28,NYG
11571,-22,Isaiah Davis,RB,23.5,NYJ
12738,-22,Phil Mafah,RB,22.8,DAL
3286,-22,Demarcus Robinson,WR,30.9,SF
8162,-22,Sam Howell,QB,24.9,PHI
9502,-22,Tank Dell,WR,25.8,HOU
8117,-23,Jalen Tolbert,WR,26.5,DAL
12500,-23,Quinn Ewers,QB,22.5,MIA
12496,-23,Tai Felton,WR,22.5,MIN
9481,-23,Luke Musgrave,TE,25,GB
7608,-23,Khalil Herbert,RB,27.4,NA
6111,-23,Jake Browning,QB,29.4,CIN
5185,-23,Allen Lazard,WR,29.7,NYJ
11579,-23,Audric Estime,RB,22,NA
12540,-24,Chimere Dike,WR,23.7,TEN
4234,-24,Noah Brown,WR,29.6,WAS
4972,-24,Mason Rudolph,QB,30.1,PIT
7527,-24,Mac Jones,QB,27,SF
11640,-24,Jermaine Burton,WR,24.2,CIN
11650,-24,Luke McCaffrey,WR,24.4,WAS
5550,-24,John David Moore,RB,30.2,NA
3202,-24,Austin Hooper,TE,30.8,NE
9496,-24,Sam James,WR,25.8,NA
12462,-24,Damien Martinez,RB,21.6,SEA
7173,-24,Jalen McCleskey,WR,28.1,NA
12482,-24,Savion Williams,WR,23.8,GB
8209,-24,Makai Polk,WR,24.1,NA
12523,-24,Jimmy Horn,WR,23,CAR
6945,-24,Antonio Gibson,RB,27.2,NE
11599,-24,Cade Stover,TE,25.2,HOU
5785,-25,James Butler,RB,30.5,NA
2307,-25,Marcus Mariota,QB,31.8,WAS
5970,-25,Greg Dortch,WR,27.2,ARI
6088,-25,Bisi Johnson,WR,28.4,NA
10871,-25,Luke Schoonmaker,TE,26.9,DAL
4082,-25,Curtis Samuel,WR,29,BUF
6011,-25,Gardner Minshew,QB,29.3,KC
8051,-25,Josh Johnson,RB,27.7,NA
12539,-26,Arian Smith,WR,23.9,NYJ
7296,-26,Brandon Wright,P,28.5,NA
4068,-26,Mike Williams,WR,30.9,NA
7318,-26,Gabe Nabers,FB,27.8,NA
12787,-26,Josh Williams,RB,24.2,TB
11617,-26,Malachi Corley,WR,23.4,CLE
9999,-27,Will Levis,QB,26.2,TEN
3668,-27,Joshua Perkins,TE,32.1,NYJ
9487,-27,Parker Washington,WR,23.4,JAX
7567,-27,Kenneth Gainwell,RB,26.5,PIT
6453,-27,D.J. Montgomery,WR,28.8,IND
8119,-27,Jahan Dotson,WR,25.4,PHI
5987,-28,Alexander Mattison,RB,27.2,MIA
4364,-28,Karel Hamilton,WR,30.4,NA
12544,-28,LeQuint Allen,RB,21.1,JAX
10866,-28,Aidan O'Connell,QB,27,LV
12478,-28,Nick Nash,WR,25.1,NA
11619,-28,Ja'Lynn Polk,WR,23.4,NE
11647,-28,Kimani Vidal,RB,24,LAC
7420,-28,Josh Hokit,FB,27.8,NA
6943,-28,Gabe Davis,WR,26.4,NA
3008,-28,Matt Wile,P,33.2,NA
8924,-28,Thomas Odukoya,TE,28.3,TEN
8139,-28,Zamir White,RB,25.9,LV
12516,-29,Kalel Mullings,RB,22.9,TEN
10860,-29,Malik Cunningham,WR,26.9,NA
4731,-29,Joe Bacci,FB,31.3,NA
200,-29,Vernon Davis,TE,41.6,NA
4070,-29,T.J. Watt,LB,30.9,PIT
8152,-29,Kennedy Brooks,RB,26.9,NA
4704,-29,Tyler Ferguson,QB,31.6,NA
7983,-29,Collin Hill,QB,27.9,NA
7640,-29,Micah Parsons,LB,26.3,DAL
2818,-29,Michael Palardy,P,33.1,NA
1517,-29,Theo Riddick,RB,34.3,NA
11941,-29,Isaiah Wooden,WR,25.6,NA
4929,-29,Ahmad Fulwood,WR,NA,NA
6263,-29,Trevor Wood,TE,29.6,NA
1587,-30,Vance McDonald,TE,35.2,NA
5170,-30,Phillip Lindsay,RB,31.1,NA
6506,-30,Trayone Gray,RB,29.7,NA
11511,-30,John Stephens,TE,25.9,NA
1500,-30,Jordan Reed,TE,35.2,NA
2382,-30,Duke Johnson,RB,31.9,NA
1592,-30,Darren Fells,TE,39.4,TB
2206,-30,Logan Kilgore,QB,NA,NA
7954,-30,Connor Wedington,WR,26.3,NA
1603,-30,Luke Willson,TE,35.6,NA
12454,-30,Eli Stowers,TE,NA,NA
8489,-30,Drew Ogletree,TE,27.1,IND
8800,-30,Malik Davis,RB,26.8,DAL
1425,-30,Ryan Griffin,TE,35.6,NA
11963,-30,Chris Collier,RB,25.4,LV
6311,-30,Patrick Laird,RB,30,NA
3391,-30,Dwayne Washington,RB,31.3,NA
6700,-30,Marcelias Sutton,RB,NA,NA
6832,-30,Kalija Lipscomb,WR,27.9,NA
2703,-30,Ezell Ruffin,WR,33.4,NA
1388,-30,Tyler Eifert,TE,35,NA
11504,-31,Jose Barbon,WR,25.4,NA
7852,-31,Tory Carter,FB,26.5,NA
5000,-32,Chase Edmonds,RB,29.4,NA
12984,-32,CJ Dippre,TE,23.3,NE
3495,-32,Mike Bercovici,QB,32.5,NA
12453,-32,Ontaria Wilson,WR,26,NA
8665,-32,Armani Rogers,TE,27.7,NA
5980,-32,Myles Gaskin,RB,28.5,NA
13154,-32,Marcus Major,RB,24.8,NA
11885,-32,Ramel Keyton,WR,25,NA
3177,-33,Corey Coleman,WR,31.1,NA
2106,-33,David Fales,QB,34.9,NA
12224,-33,David White,WR,25.1,NA
11523,-33,Cody Chrest,WR,27.4,NA
8885,-33,Tucker Fisk,TE,26.6,LAC
8122,-33,Bam Knight,RB,24.4,ARI
4127,-33,C.J. Beathard,QB,31.8,NA
12045,-33,Jack Westover,TE,26.2,NE
12851,-34,Rivaldo Fairweather,TE,23.1,DAL
2588,-34,Malcolm Brown,RB,32.3,NA
6823,-34,Jacob Eason,QB,27.8,NA
13010,-34,Jordan Waters,RB,NA,NA
12933,-34,Caden Prieskorn,TE,25.9,NA
12308,-34,Samson Evans,RB,NA,NA
8115,-34,Jalen Wydermyer,TE,24.7,NA
11989,-34,D.J. Williams,RB,25.8,NA
11522,-34,Jerome Kapp,WR,26.4,NA
13079,-34,Jahdae Walker,WR,NA,CHI
5355,-34,Nick Sharga,FB,NA,NA
13003,-34,Tru Edwards,WR,24.2,LAR
11452,-34,Jesse Matthews,WR,26,NA
11508,-34,Princeton Fant,TE,26.5,DAL
11433,-34,Nate Adkins,TE,26.1,DEN
8203,-34,Jeremiah Hall,TE,NA,NA
11478,-34,Gavin Holmes,WR,26.9,NA
11995,-34,Zack Annexstad,QB,25.4,NA
4641,-34,Keeon Johnson,WR,30.7,NA
11474,-34,Dylan Drummond,WR,25.6,NA
1223,-34,Garrett Celek,TE,37.2,NA
5997,-34,Jazz Ferguson,WR,28.6,NA
6967,-34,Aaron Fuller,WR,27.9,NA
2938,-34,Cam Worthy,WR,33.4,NA
6279,-34,Brandon Dillon,TE,28.3,NA
8878,-34,Jared Scott,TE,26.3,NA
4938,-34,Speedy Noil,WR,29.9,NA
13151,-35,Nick Kallerup,TE,NA,SEA
7063,-35,Shea Patterson,QB,28.6,NA
6045,-35,Gary Jennings,WR,28.5,NA
3894,-35,Garrett Griffin,TE,31.5,NA
6628,-35,Ventell Bryant,WR,29,NA
11524,-35,Izaiah Gathings,TE,24.9,NA
11447,-35,Kris Leach,TE,NA,NA
3423,-35,Robbie Chosen,WR,32.3,SF
11943,-35,Michael Wiley,RB,23.8,NA
5777,-35,Malachi Jones,WR,31.4,NA
13013,-35,Mark Redman,TE,NA,LAR
13143,-35,Dymere Miller,WR,NA,NA
5263,-35,Chase Litton,QB,29.9,NA
5977,-35,Terry Godwin,WR,28.8,NA
7157,-35,Josh Love,QB,29,NA
2023,-35,De'Anthony Thomas,WR,32.6,NA
8442,-35,Jarrett Guarantano,QB,27.8,NA
2929,-35,Adrian Coxson,WR,34,NA
5268,-35,Ben Johnson,TE,31.1,NA
13152,-35,Justin Lockhart,WR,NA,NA
11496,-35,Braydon Johnson,WR,26.7,NA
8613,-35,Taysir Mack,WR,26.9,NA
13153,-35,Giles Jackson,WR,23.7,NA
11505,-35,David Durden,WR,26.7,NA
6439,-35,Hale Hentges,TE,29,NA
6139,-35,Jace Sternberger,TE,29.2,NA
1701,-35,Eric Rogers,WR,34.5,NA
7556,-36,Marquez Stevenson,WR,27.4,NA
11155,-36,Christian Sims,TE,24.5,NA
4585,-36,Anthony Nash,WR,31.9,NA
8070,-36,Travis Toivonen,WR,27.4,NA
8905,-36,Travis Koontz,TE,NA,NA
5957,-36,Isaac Nauta,TE,28.3,GB
2450,-36,Brett Hundley,QB,32.2,NA
2903,-36,Shane Carden,QB,33.8,NA
11099,-36,Kearis Jackson,WR,25.7,NA
12171,-36,British Brooks,RB,25.8,HOU
3407,-36,Beau Sandland,TE,32.5,NA
5787,-36,Bryce Bobo,WR,30.2,NA
490,-36,Chase Daniel,QB,38.9,NA
7436,-36,Mason Kinsey,WR,27,TEN
982,-36,Bruce Miller,FB,38.1,NA
2279,-36,Paul Richardson,WR,33.4,NA
8413,-36,Chris Oladokun,QB,28,KC
4326,-36,Bug Howard,TE,30.7,NA
284,-36,Delanie Walker,TE,41,NA
12169,-36,Reggie Brown,WR,NA,NA
4721,-36,Shakeir Ryan,WR,30,NA
3347,-36,Jake Rudock,QB,32.6,NA
10651,-36,Mohamed Ibrahim,RB,27,NA
4651,-36,Corey Clement,RB,30.8,NA
13251,-36,Gunnar Oakes,TE,26.3,NA
7868,-36,Mason Stokke,FB,NA,CAR
4349,-37,Taquan Mizzell,RB,31.9,NYG
12278,-37,Jacob Sirmon,QB,NA,NA
4263,-37,Elijah McGuire,RB,31.2,KC
7156,-38,J'Mar Smith,QB,28.9,NA
4528,-39,Trevor Knight,QB,31.9,NA
7808,-39,Ben Mason,FB,26.3,NA
4289,-39,Ishmael Zamora,WR,29.8,NA
8052,-39,Donte Sylencieux,WR,NA,NA
7396,-39,Devin Phelps,WR,28.9,NA
7458,-39,Isaiah Zuber,WR,28.4,NA
4455,-40,Matt Breida,RB,30.5,NA
6137,-40,Tommy Sweeney,TE,30.2,NA
13258,-40,Phil Lutz,WR,NA,NA
4229,-40,Mason Schreck,TE,31.8,NA
4623,-40,Tim Cook,RB,31.4,NA
6469,-40,Davis Koppenhaver,TE,29.6,NA
4931,-40,Austin Appleby,QB,32.2,NA
11543,-40,Lachlan Pitts,TE,NA,NA
11068,-40,Mitchell Tinsley,WR,26,CIN
5697,-40,Zach Olstad,RB,31.7,NA
11223,-40,John Hall,WR,27.7,NA
6142,-40,Caleb Wilson,TE,29.1,NA
5565,-40,Jason Cabinda,FB,29.4,NA
7972,-40,Tony Poljan,TE,28.3,NA
3278,-40,Pharoh Cooper,WR,30.5,NA
6269,-40,Kyle Shurmur,QB,28.8,NA
5107,-40,Jaylen Samuels,RB,29.1,NA
11491,-40,Austin Aune,QB,32,NA
6970,-40,Stephen Sullivan,TE,28.7,NA
11351,-40,Thomas Greaney,TE,26.8,NA
7531,-40,Feleipe Franks,TE,27.7,ATL
11213,-40,Camren McDonald,TE,26.2,NA
12431,-40,Rory Starkey,WR,NA,NA
246,-40,Darren Sproles,RB,42.2,NA
4727,-40,Mitchell Paige,WR,32.1,NA
7555,-40,Jamie Newman,QB,27.7,NA
11897,-40,Jermaine Jackson,WR,25.2,NA
7549,-40,CJ Marable,RB,28.6,NA
11544,-40,Avery Davis,WR,26.9,NA
11387,-41,Sean Ryan,WR,26.6,NA
11456,-41,Tre'Shaun Harrison,WR,25.2,NA
3242,-41,Kenyan Drake,RB,31.6,NA
5718,-41,Ryan Yurachek,TE,29,NA
6857,-41,Collin Johnson,WR,27.9,NA
13217,-41,Hunter Dekkers,QB,24.2,NO
2119,-41,James Franklin,QB,34.1,NA
4038,-41,John Ross,WR,29.8,NA
12264,-41,Cole Beck,WR,30.5,NA
2471,-41,Michael Burton,FB,33.6,DEN
7533,-41,Anthony Schwartz,WR,25,NA
11232,-41,Isaiah Winstead,WR,26.1,NA
12976,-41,DeMeer Blankumsee,WR,NA,NA
7483,-41,Farrod Green,TE,28.2,NA
13088,-41,Quali Conley,RB,22.9,NA
745,-41,Marshawn Lynch,RB,39.4,NA
7729,-41,Dez Fitzpatrick,WR,27.7,NA
4434,-41,Brisly Estime,WR,32.7,NA
8221,-41,Keaontay Ingram,RB,25.8,KC
13017,-41,Hajj-Malik Williams,QB,25.8,NA
12966,-41,Moose Muhammad,WR,24.3,NA
1825,-41,Jarvis Landry,WR,32.7,NA
7320,-41,Dalton Schoen,WR,28.9,NA
12080,-41,Aidan Robbins,RB,24.7,NA
6951,-41,Eno Benjamin,RB,26.4,NA
12003,-41,Gunnar Watson,QB,25.6,NA
3504,-41,Steven Scheu,TE,33.1,NA
8828,-41,Michael Young,WR,26.5,NA
12314,-41,Beau Corrales,WR,NA,NA
6540,-41,DeAndre Thompkins,WR,29.9,GB
1817,-41,Sammy Watkins,WR,32.2,NA
11159,-41,Zion Bowens,WR,26,NA
3582,-41,Chester Rogers,WR,31.6,NA
4004,-41,Chris Briggs,TE,32.8,NA
3161,-41,Carson Wentz,QB,32.7,MIN
11483,-41,Ellis Merriweather,RB,26.4,NA
11089,-41,Jordan Byrd,WR,25.4,NA
2331,-41,Breshad Perriman,WR,32,NA
11438,-41,Dallas Daniels,WR,NA,NA
8168,-41,Skyy Moore,WR,25,SF
12772,-41,Courtney Jackson,WR,NA,NA
2557,-41,Jerry Lovelocke,QB,32.9,NA
11538,-41,Toriano Clinton,RB,NA,NA
11419,-41,Kade Warner,WR,26.9,NA
6834,-41,Jared Pinkney,TE,28,NA
5612,-41,Anthony Mahoungou,WR,31.5,NA
1262,-41,Alex Tanney,QB,37.8,NA
1971,-41,Donte Moncrief,WR,32.1,NA
6231,-41,John Lovett,QB,29.3,NA
3371,-41,Darius Jackson,RB,31.7,NA
8928,-44,Daylen Baldwin,WR,25.8,NA
3410,-52,Jake Coker,QB,32.9,NA
6156,-72,Benny Snell,RB,27.5,NA
2785,-81,Gus Johnson,RB,32,NA
8153,-81,Isaiah Spiller,RB,24.1,NA
2650,-85,Ty Long,P,32.4,NA
8198,-86,Charleston Rambo,WR,26.1,NA
5290,-88,Deontay Burnett,WR,27.9,NA
5076,-90,John Kelly,RB,28.9,NA
4184,-90,Bucky Hodges,TE,30.1,NA
3594,-91,Peyton Barber,RB,31.2,NA
3811,-91,Alstevis Squirewell,RB,32.9,NA
4823,-91,Keevan Lucas,WR,30.4,NA
3816,-91,Brandon Brown-Dukes,RB,33.3,NA
12832,-91,Blayne Taylor,WR,23.4,NA
7190,-91,Bronson Rechsteiner,RB,27.8,NA
4544,-91,Daikiel Shorts,WR,30.9,NA
11762,-91,Anthony Gould,WR,24.4,IND
8074,-92,Matt Seybert,TE,28.3,NA
12946,-92,Dontae Fleming,WR,23.7,MIN
7234,-92,Maurice Ffrench,WR,27.7,NA
11182,-92,Ronald Awatt,RB,27.8,NA
2078,-92,Odell Beckham,WR,32.8,NA
11654,-92,Dante Miller,RB,26.3,NYG
4150,-92,Wayne Gallman,RB,30.9,NA
8149,-92,Master Teague,RB,25.3,NA
13011,-92,Brennan Presley,WR,23.6,LAR
4557,-92,Freddie Stevenson,FB,30.4,NA
6798,-92,Jalen Reagor,WR,26.7,LAC
1333,-92,Russell Shepard,WR,34.9,NA
7599,-92,Jermar Jefferson,RB,25.4,TEN
8694,-92,Henry Litwin,WR,NA,NA
6727,-92,Joe Walker,WR,29.6,NA
11382,-92,Dontay Demus,WR,24.9,NA
12950,-97,Robert Lewis,WR,23.6,NA
6380,-97,Davion Davis,WR,28.8,NA
6909,-97,Lynn Bowden,WR,27.9,NA
2410,-97,Jamison Crowder,WR,32.2,NA
5714,-97,Tim Wilson,WR,31.5,NA
7336,-97,James Gilbert,RB,29.8,NA
11410,-97,Braxton Burmeister,WR,26.9,NA
7541,-97,Cornell Powell,WR,27.8,NA
12007,-97,Nathaniel Peat,RB,25,NA
5195,-97,Akrum Wadley,RB,30.5,NA
1601,-97,Spencer Ware,RB,33.8,NA
627,-97,Andre Roberts,WR,37.6,NA
5974,-97,Trace McSorley,QB,30,NA
13065,-97,Ben Wooldridge,QB,25.9,NA
5587,-97,Chris Warren,RB,29.2,NA
4806,-97,Brandon Radcliff,RB,32.4,NA
4328,-97,Jerome Lane,WR,30.5,NA
3891,-97,Kyle Coleman,FB,31.9,NA
138,-97,Ben Roethlisberger,QB,43.5,PIT
7079,-97,Pete Guerriero,RB,27.1,NA
4588,-97,Kyle Sloter,QB,31.6,NA
7943,-97,Zach Davidson,TE,27.1,NA
289,-97,Drew Brees,QB,46.6,NA
11415,-97,Tanner Taula,TE,26.7,TB
