Player Name,Pos,Amt,Fantasy Team,pos_rk,posrk,ovr,nom_num,sflex,sflex_rk,flex,flex_rk,season
Christian McCaffrey,RB,51,Dustin,1,RB1,1,10,1,1,1,1,2024
Jalen Hurts,QB,45,Trevor,1,QB1,2,5,1,2,0,1,2024
Bijan Robinson,RB,45,Dustin,2,RB2,3,9,1,3,1,2,2024
Tyreek Hill,WR,43,George,1,WR1,4,12,1,4,1,3,2024
Breece Hall,RB,43,Brad,3,RB3,5,23,1,5,1,3,2024
Josh Allen,QB,42,Stephen,2,QB2,6,3,1,6,0,2,2024
CeeDee Lamb,WR,42,Matt,2,WR2,7,14,1,7,1,5,2024
Patrick Mahomes,QB,39,Fitz,3,QB3,8,4,1,8,0,3,2024
Ja'Marr Chase,WR,39,Anthony,3,WR3,9,15,1,9,1,6,2024
Jonathan Taylor,RB,39,Anthony,4,RB4,10,20,1,10,1,6,2024
Justin Jefferson,WR,38,Fitz,4,WR4,11,16,1,11,1,8,2024
Amon-Ra St. Brown,WR,38,William,5,WR5,12,22,1,12,1,8,2024
Kyler Murray,QB,37,Stephen,4,QB4,13,8,1,13,0,4,2024
Lamar Jackson,QB,36,Alex,5,QB5,14,24,1,14,0,5,2024
A.J. Brown,WR,35,Trevor,6,WR6,15,2,1,15,1,10,2024
Saquon Barkley,RB,34,Stephen,5,RB5,16,28,1,16,1,11,2024
Garrett Wilson,WR,33,Jared,7,WR7,17,26,1,17,1,12,2024
Marvin Harrison,WR,32,Fitz,8,WR8,18,35,1,18,1,13,2024
Kyren Williams,RB,32,Dustin,6,RB6,19,40,1,19,1,13,2024
C.J. Stroud,QB,31,Matt,6,QB6,20,13,1,20,0,6,2024
Anthony Richardson,QB,31,Brad,7,QB7,21,25,1,21,0,6,2024
Dak Prescott,QB,31,Matt,8,QB8,22,32,1,22,0,6,2024
Puka Nacua,WR,30,Jared,9,WR9,23,27,1,23,1,15,2024
Jahmyr Gibbs,RB,30,Brad,7,RB7,24,45,1,24,1,15,2024
De'Von Achane,RB,30,Matt,8,RB8,25,47,1,25,1,15,2024
Jordan Love,QB,28,Kling,9,QB9,26,33,1,26,0,9,2024
Derrick Henry,RB,28,Alex,9,RB9,27,39,1,27,1,18,2024
DK Metcalf,WR,27,Trevor,10,WR10,28,71,1,28,1,19,2024
Isiah Pacheco,RB,26,Trevor,10,RB10,29,38,1,29,1,20,2024
Travis Etienne,RB,26,Anthony,11,RB11,30,44,1,30,1,20,2024
Jaylen Waddle,WR,25,Stephen,11,WR11,31,31,1,31,1,22,2024
Cooper Kupp,WR,25,Brad,12,WR12,32,37,1,32,1,22,2024
Alvin Kamara,RB,25,George,12,RB12,33,69,1,33,1,22,2024
DeVonta Smith,WR,25,Alex,13,WR13,34,72,1,34,1,22,2024
Drake London,WR,24,Stephen,14,WR14,35,34,1,35,1,26,2024
Sam LaPorta,TE,24,Jared,1,TE1,36,41,1,36,1,26,2024
Josh Jacobs,RB,24,Dustin,13,RB13,37,50,1,37,1,26,2024
Rachaad White,RB,24,Jared,14,RB14,38,64,1,38,1,26,2024
Malik Nabers,WR,23,Fitz,15,WR15,39,11,1,39,1,30,2024
Travis Kelce,TE,23,Matt,2,TE2,40,17,1,40,1,30,2024
Kenneth Walker,RB,23,William,15,RB15,41,53,1,41,1,30,2024
Caleb Williams,QB,23,Trevor,10,QB10,42,59,1,42,0,10,2024
Davante Adams,WR,23,William,16,WR16,43,66,1,43,1,30,2024
Brandon Aiyuk,WR,23,Anthony,17,WR17,44,68,1,44,1,30,2024
Rashee Rice,WR,23,William,18,WR18,45,82,1,45,1,30,2024
Brock Purdy,QB,22,Anthony,11,QB11,46,56,1,46,0,11,2024
DJ Moore,WR,22,Brad,19,WR19,47,61,1,47,1,36,2024
Nico Collins,WR,22,George,20,WR20,48,65,1,48,1,36,2024
Mark Andrews,TE,21,Kling,3,TE3,49,29,1,49,1,38,2024
James Cook,RB,21,George,16,RB16,50,46,1,50,1,38,2024
Deebo Samuel,WR,21,Alex,21,WR21,51,52,1,51,1,38,2024
Chris Olave,WR,21,Kling,22,WR22,52,62,1,52,1,38,2024
Joe Mixon,RB,20,Trevor,17,RB17,53,1,1,53,1,42,2024
Mike Evans,WR,20,Dustin,23,WR23,54,63,1,54,1,42,2024
Jayden Daniels,QB,19,George,12,QB12,55,58,1,55,0,12,2024
David Montgomery,RB,19,Fitz,18,RB18,56,73,1,56,1,44,2024
Rhamondre Stevenson,RB,19,Kling,19,RB19,57,88,1,57,1,44,2024
Dalton Kincaid,TE,19,George,4,TE4,58,91,1,58,1,44,2024
Trey McBride,TE,18,Matt,5,TE5,59,67,1,59,1,47,2024
Tee Higgins,WR,18,Kling,24,WR24,60,86,1,60,1,47,2024
Joe Burrow,QB,17,Jared,13,QB13,61,51,1,61,0,13,2024
James Conner,RB,17,Jared,20,RB20,62,76,1,62,1,49,2024
Raheem Mostert,RB,17,Alex,21,RB21,63,85,1,63,1,49,2024
Aaron Jones,RB,16,Kling,22,RB22,64,48,1,64,1,51,2024
Michael Pittman,WR,15,Kling,25,WR25,65,83,1,65,1,52,2024
Tank Dell,WR,15,Brad,26,WR26,66,92,1,66,1,52,2024
Will Levis,QB,14,Anthony,14,QB14,67,6,1,67,0,14,2024
Justin Herbert,QB,14,Brad,15,QB15,68,57,1,68,0,14,2024
D'Andre Swift,RB,14,Fitz,23,RB23,69,84,1,69,1,54,2024
Kyle Pitts,TE,14,William,6,TE6,70,87,1,70,1,54,2024
Stefon Diggs,WR,13,Kling,27,WR27,71,7,1,71,1,56,2024
Trevor Lawrence,QB,13,William,16,QB16,72,70,1,72,0,16,2024
Amari Cooper,WR,13,William,28,WR28,73,74,1,73,1,56,2024
George Kittle,TE,13,Trevor,7,TE7,74,75,1,74,1,56,2024
Javonte Williams,RB,13,William,24,RB24,75,90,1,75,1,56,2024
George Pickens,WR,12,Anthony,29,WR29,76,77,1,76,1,60,2024
Calvin Ridley,WR,11,Stephen,30,WR30,77,79,1,77,1,61,2024
Tua Tagovailoa,QB,11,Kling,17,QB17,78,97,1,78,0,17,2024
Brian Robinson,RB,10,George,25,RB25,79,101,1,79,1,62,2024
Terry McLaurin,WR,10,Jared,31,WR31,80,102,1,80,1,62,2024
Chase Brown,RB,10,Jared,26,RB26,81,114,1,81,1,62,2024
Baker Mayfield,QB,10,Alex,18,QB18,82,128,1,82,0,18,2024
Tyjae Spears,RB,9,Brad,27,RB27,83,21,1,83,1,65,2024
Christian Kirk,WR,9,Kling,32,WR32,84,55,1,84,1,65,2024
Matthew Stafford,QB,9,Alex,19,QB19,85,78,1,85,0,19,2024
Tony Pollard,RB,9,George,28,RB28,86,89,1,86,1,65,2024
Chris Godwin,WR,9,George,33,WR33,87,98,1,87,1,65,2024
Jayden Reed,WR,9,Stephen,34,WR34,88,104,1,88,1,65,2024
Najee Harris,RB,8,William,29,RB29,89,80,1,89,1,70,2024
Gus Edwards,RB,8,Kling,30,RB30,90,96,1,90,1,70,2024
Diontae Johnson,WR,8,Jared,35,WR35,91,111,1,91,1,70,2024
Zack Moss,RB,8,Jared,31,RB31,92,112,1,92,1,70,2024
Jared Goff,QB,8,William,20,QB20,93,120,1,93,0,20,2024
Daniel Jones,QB,7,Kling,21,QB21,94,18,1,94,0,21,2024
Courtland Sutton,WR,7,Stephen,36,WR36,95,19,1,95,1,74,2024
Zamir White,RB,7,Dustin,32,RB32,96,49,1,96,1,74,2024
Jake Ferguson,TE,7,Alex,8,TE8,97,100,1,97,1,74,2024
Keenan Allen,WR,7,Matt,37,WR37,98,109,1,98,1,74,2024
Devin Singletary,RB,7,Fitz,33,RB33,99,113,1,99,1,74,2024
Christian Watson,WR,7,Anthony,38,WR38,100,122,1,100,1,74,2024
Xavier Worthy,WR,6,George,39,WR39,101,103,1,101,1,80,2024
David Njoku,TE,6,Matt,9,TE9,102,105,1,102,1,80,2024
Jaxon Smith-Njigba,WR,6,Jared,40,WR40,103,125,1,103,1,80,2024
Geno Smith,QB,6,Fitz,22,QB22,104,138,1,104,0,22,2024
Austin Ekeler,RB,5,Kling,34,RB34,105,36,1,105,1,83,2024
Zay Flowers,WR,5,Kling,41,WR41,106,60,1,106,1,83,2024
Aaron Rodgers,QB,5,Jared,23,QB23,107,81,1,107,0,23,2024
Evan Engram,TE,5,Anthony,10,TE10,108,99,1,108,1,83,2024
Kirk Cousins,QB,5,William,24,QB24,109,106,1,109,0,23,2024
Ladd McConkey,WR,5,Alex,42,WR42,110,107,1,110,1,83,2024
Jerome Ford,RB,5,George,35,RB35,111,108,1,111,1,83,2024
Rashid Shaheed,WR,5,Matt,43,WR43,112,117,1,112,1,83,2024
J.K. Dobbins,RB,5,William,36,RB36,113,118,1,113,1,83,2024
Rico Dowdle,RB,5,Stephen,37,RB37,114,119,1,114,1,83,2024
Jaylen Warren,RB,5,Fitz,38,RB38,115,123,1,115,1,83,2024
Chuba Hubbard,RB,5,Anthony,39,RB39,116,132,1,116,1,83,2024
Brian Thomas,WR,5,George,44,WR44,117,140,1,117,1,83,2024
Jameson Williams,WR,4,William,45,WR45,118,94,1,118,1,94,2024
Rome Odunze,WR,4,Fitz,46,WR46,119,95,1,119,1,94,2024
Curtis Samuel,WR,4,Kling,47,WR47,120,116,1,120,1,94,2024
DeAndre Hopkins,WR,4,Dustin,48,WR48,121,126,1,121,1,94,2024
Dallas Goedert,TE,4,Dustin,11,TE11,122,144,1,122,1,94,2024
Khalil Shakir,WR,4,Alex,49,WR49,123,152,1,123,1,94,2024
Bryce Young,QB,3,Anthony,25,QB25,124,30,1,124,0,25,2024
Sam Darnold,QB,3,Fitz,26,QB26,125,42,1,125,0,25,2024
Hollywood Brown,WR,3,Jared,50,WR50,126,43,1,126,1,100,2024
Jonathon Brooks,RB,3,William,40,RB40,127,110,1,127,1,100,2024
Brock Bowers,TE,3,William,12,TE12,128,121,1,128,1,100,2024
Romeo Doubs,WR,3,Alex,51,WR51,129,127,1,129,1,100,2024
Blake Corum,RB,3,Trevor,41,RB41,130,129,1,130,1,100,2024
Derek Carr,QB,3,George,27,QB27,131,130,1,131,0,25,2024
Trey Benson,RB,3,Jared,42,RB42,132,131,1,132,1,100,2024
Nick Chubb,RB,3,Fitz,43,RB43,133,133,1,133,1,100,2024
Jaleel McLaughlin,RB,3,Brad,44,RB44,134,134,1,134,1,100,2024
Ezekiel Elliott,RB,3,Alex,45,RB45,135,139,1,135,1,100,2024
Dalton Schultz,TE,3,Fitz,13,TE13,136,143,1,136,1,100,2024
Jakobi Meyers,WR,3,Alex,52,WR52,137,151,1,137,1,100,2024
Brandin Cooks,WR,3,Dustin,53,WR53,138,155,1,138,1,100,2024
Deshaun Watson,QB,2,George,28,QB28,139,54,1,139,0,28,2024
Bo Nix,QB,2,Brad,29,QB29,140,93,1,140,0,28,2024
Jordan Addison,WR,2,Trevor,54,WR54,141,124,1,141,1,112,2024
Keon Coleman,WR,2,Fitz,55,WR55,142,136,1,142,1,112,2024
Antonio Gibson,RB,2,Matt,46,RB46,143,141,1,143,1,112,2024
Joshua Palmer,WR,2,Brad,56,WR56,144,142,1,144,1,112,2024
Tyler Allgeier,RB,2,Dustin,47,RB47,145,145,1,145,1,112,2024
Jerry Jeudy,WR,2,George,57,WR57,146,149,1,146,1,112,2024
Drake Maye,QB,2,Dustin,30,QB30,147,156,1,147,0,28,2024
Adam Thielen,WR,2,Anthony,58,WR58,148,157,1,148,1,112,2024
Jordan Mason,RB,2,Dustin,48,RB48,149,160,1,149,1,112,2024
Josh Downs,WR,2,Dustin,59,WR59,150,161,1,150,1,112,2024
Gabe Davis,WR,1,Trevor,60,WR60,151,115,1,151,1,121,2024
Tyler Lockett,WR,1,Jared,61,WR61,152,135,1,152,1,121,2024
Jahan Dotson,WR,1,Alex,62,WR62,153,137,1,153,1,121,2024
Allen Lazard,WR,1,Alex,63,WR63,154,146,1,154,1,121,2024
Taysom Hill,TE,1,Dustin,14,TE14,155,147,1,155,1,121,2024
Ty Chandler,RB,1,Matt,49,RB49,156,148,1,156,1,121,2024
Gardner Minshew,QB,1,Stephen,31,QB31,157,150,1,157,0,31,2024
Pat Freiermuth,TE,1,Brad,15,TE15,158,153,1,158,1,121,2024
T.J. Hockenson,TE,1,Trevor,16,TE16,159,154,1,159,1,121,2024
Mike Williams,WR,1,Anthony,64,WR64,160,158,1,160,1,121,2024
Zach Charbonnet,RB,1,Fitz,50,RB50,161,159,1,161,1,121,2024
Jaylen Wright,RB,1,Dustin,51,RB51,162,162,1,162,1,121,2024
Khalil Herbert,RB,1,Matt,52,RB52,163,163,1,163,1,121,2024
Cole Kmet,TE,1,Stephen,17,TE17,164,164,1,164,1,121,2024
Dylan Laube,RB,1,Anthony,53,RB53,165,165,1,165,1,121,2024
Bucky Irving,RB,1,Brad,54,RB54,166,166,1,166,1,121,2024
Michael Wilson,WR,1,Trevor,65,WR65,167,167,1,167,1,121,2024
Ray Davis,RB,1,Matt,55,RB55,168,168,1,168,1,121,2024
Ja'Lynn Polk,WR,1,Stephen,66,WR66,169,169,1,169,1,121,2024
Dontayvion Wicks,WR,1,Anthony,67,WR67,170,170,1,170,1,121,2024
Adonai Mitchell,WR,1,Brad,68,WR68,171,171,1,171,1,121,2024
Luke Musgrave,TE,1,Trevor,18,TE18,172,172,1,172,1,121,2024
MarShawn Lloyd,RB,1,Matt,56,RB56,173,173,1,173,1,121,2024
Braelon Allen,RB,1,Stephen,57,RB57,174,174,1,174,1,121,2024
Kimani Vidal,RB,1,Brad,58,RB58,175,175,1,175,1,121,2024
DeMario Douglas,WR,1,Trevor,69,WR69,176,176,1,176,1,121,2024
Xavier Legette,WR,1,Matt,70,WR70,177,177,1,177,1,121,2024
Quentin Johnston,WR,1,Stephen,71,WR71,178,178,1,178,1,121,2024
Wan'Dale Robinson,WR,1,Trevor,72,WR72,179,179,1,179,1,121,2024
Roschon Johnson,RB,1,Stephen,59,RB59,180,180,1,180,1,121,2024
Christian McCaffrey,RB,58,Stephen,1,RB1,1,6,1,1,1,1,2023
Josh Allen,QB,45,Trevor,3,QB3,1,1,1,6,0,3,2023
Patrick Mahomes II,QB,53,John,1,QB1,2,10,1,2,0,1,2023
Jalen Hurts,QB,52,Dustin,2,QB2,2,8,1,3,0,2,2023
Ja'Marr Chase,WR,45,Trevor,1,WR1,2,7,1,7,1,4,2023
Nick Chubb,RB,44,Stephen,4,RB4,2,4,1,10,1,6,2023
Justin Jefferson,WR,44,Anthony,2,WR2,2,3,1,9,1,5,2023
CeeDee Lamb,WR,28,William,11,WR11,2,2,1,30,1,23,2023
Austin Ekeler,RB,51,George,2,RB2,4,15,1,4,1,2,2023
Bijan Robinson,RB,49,Dustin,3,RB3,5,18,1,5,1,3,2023
George Kittle,TE,13,Trevor,4,TE4,5,5,1,70,1,56,2023
Justin Herbert,QB,45,Matt,4,QB4,6,25,1,8,0,4,2023
Lamar Jackson,QB,44,John,5,QB5,6,12,1,11,0,5,2023
Tyreek Hill,WR,36,Kling,6,WR6,7,9,1,21,1,14,2023
Derrick Henry,RB,42,Alex,5,RB5,8,11,1,12,1,7,2023
Cooper Kupp,WR,40,Matt,3,WR3,10,13,1,13,1,8,2023
Joe Burrow,QB,40,Alex,6,QB6,11,16,1,14,0,6,2023
A.J. Brown,WR,38,Alex,4,WR4,11,14,1,17,1,11,2023
Saquon Barkley,RB,40,Jared,6,RB6,12,20,1,15,1,9,2023
Stefon Diggs,WR,36,Stephen,7,WR7,14,17,1,22,1,15,2023
Josh Jacobs,RB,39,Anthony,7,RB7,15,21,1,16,1,10,2023
Tony Pollard,RB,38,Brad,8,RB8,16,22,1,18,1,12,2023
Justin Fields,QB,38,William,7,QB7,17,27,1,19,0,7,2023
Davante Adams,WR,35,Trevor,8,WR8,17,19,1,24,1,17,2023
Amon-Ra St. Brown,WR,37,Jared,5,WR5,20,45,1,20,1,13,2023
Joe Mixon,RB,36,George,9,RB9,20,29,1,23,1,16,2023
Travis Kelce,TE,35,Alex,1,TE1,20,23,1,25,1,18,2023
Jonathan Taylor,RB,14,Jared,25,RB25,23,24,1,67,1,53,2023
Garrett Wilson,WR,30,Brad,9,WR9,24,28,1,26,1,19,2023
Aaron Jones,RB,21,John,18,RB18,24,26,1,45,1,37,2023
Rhamondre Stevenson,RB,30,Jared,10,RB10,25,32,1,27,1,20,2023
Jaylen Waddle,WR,29,Stephen,10,WR10,26,31,1,28,1,21,2023
Mark Andrews,TE,28,Dustin,2,TE2,26,30,1,31,1,24,2023
Dameon Pierce,RB,29,Dustin,11,RB11,27,37,1,29,1,22,2023
Chris Olave,WR,28,George,12,WR12,29,43,1,32,1,25,2023
Calvin Ridley,WR,27,Anthony,13,WR13,30,33,1,33,1,26,2023
DeVonta Smith,WR,27,Matt,14,WR14,31,41,1,34,1,27,2023
Travis Etienne Jr.,RB,26,Kling,12,RB12,31,34,1,36,1,29,2023
Tua Tagovailoa,QB,22,Kling,8,QB8,32,36,1,42,0,8,2023
Tee Higgins,WR,27,George,15,WR15,33,54,1,35,1,28,2023
Jahmyr Gibbs,RB,25,William,13,RB13,33,39,1,37,1,30,2023
Miles Sanders,RB,14,Trevor,26,RB26,33,35,1,68,1,54,2023
J.K. Dobbins,RB,23,William,15,RB15,34,40,1,40,1,33,2023
DK Metcalf,WR,25,Brad,16,WR16,36,49,1,38,1,31,2023
Kenneth Walker III,RB,22,Kling,16,RB16,37,44,1,43,1,35,2023
Trevor Lawrence,QB,21,Brad,9,QB9,37,42,1,46,0,9,2023
Deshaun Watson,QB,10,Jared,16,QB16,38,38,1,81,0,16,2023
Najee Harris,RB,24,Trevor,14,RB14,39,58,1,39,1,32,2023
Breece Hall,RB,22,Matt,17,RB17,39,52,1,44,1,36,2023
Keenan Allen,WR,23,William,17,WR17,40,66,1,41,1,34,2023
Anthony Richardson,QB,20,William,10,QB10,42,46,1,47,0,10,2023
Alexander Mattison,RB,20,Kling,19,RB19,43,51,1,48,1,38,2023
Dak Prescott,QB,16,Matt,12,QB12,43,47,1,56,0,12,2023
Amari Cooper,WR,20,John,18,WR18,44,53,1,49,1,39,2023
Deebo Samuel,WR,19,John,19,WR19,44,50,1,51,1,41,2023
James Cook,RB,20,Brad,20,RB20,46,63,1,50,1,40,2023
Dallas Goedert,TE,11,Kling,5,TE5,47,48,1,78,1,63,2023
Kirk Cousins,QB,17,Anthony,11,QB11,49,55,1,54,0,11,2023
Darren Waller,TE,19,Jared,3,TE3,50,64,1,52,1,42,2023
Cam Akers,RB,18,Anthony,21,RB21,50,59,1,53,1,43,2023
Aaron Rodgers,QB,15,Kling,14,QB14,51,57,1,62,0,14,2023
DJ Moore,WR,16,William,21,WR21,52,61,1,57,1,45,2023
DeAndre Hopkins,WR,17,Jared,20,WR20,54,85,1,55,1,44,2023
Mike Williams,WR,16,Kling,23,WR23,55,83,1,60,1,47,2023
Drake London,WR,16,Anthony,22,WR22,55,73,1,59,1,46,2023
Daniel Jones,QB,16,Stephen,13,QB13,55,69,1,58,0,13,2023
David Montgomery,RB,16,Brad,22,RB22,56,87,1,61,1,48,2023
Kyle Pitts,TE,8,Anthony,7,TE7,56,56,1,88,1,71,2023
Javonte Williams,RB,15,John,23,RB23,57,67,1,63,1,49,2023
Terry McLaurin,WR,13,John,27,WR27,57,62,1,71,1,57,2023
Mike Evans,WR,12,Kling,30,WR30,57,60,1,75,1,61,2023
Christian Watson,WR,15,George,25,WR25,59,82,1,66,1,52,2023
Rachaad White,RB,15,George,24,RB24,59,81,1,65,1,51,2023
Brandon Aiyuk,WR,15,Dustin,24,WR24,59,80,1,64,1,50,2023
Christian Kirk,WR,14,Brad,26,WR26,61,74,1,69,1,55,2023
Chris Godwin,WR,12,Kling,31,WR31,61,65,1,76,1,62,2023
Tyler Lockett,WR,13,Alex,28,WR28,62,72,1,73,1,59,2023
James Conner,RB,13,Trevor,27,RB27,62,71,1,72,1,58,2023
T.J. Hockenson,TE,11,Matt,6,TE6,65,68,1,79,1,64,2023
Jared Goff,QB,12,Anthony,15,QB15,68,75,1,77,0,15,2023
Diontae Johnson,WR,13,Brad,29,WR29,70,89,1,74,1,60,2023
Jerry Jeudy,WR,7,Anthony,36,WR36,70,70,1,89,1,72,2023
Courtland Sutton,WR,5,Dustin,38,WR38,76,76,1,94,1,77,2023
AJ Dillon,RB,4,Matt,36,RB36,77,79,1,101,1,84,2023
Matthew Stafford,QB,2,Stephen,20,QB20,77,77,1,124,0,20,2023
Alvin Kamara,RB,11,Matt,28,RB28,78,93,1,80,1,65,2023
Russell Wilson,QB,1,Jared,22,QB22,78,78,1,137,0,22,2023
Jaxon Smith-Njigba,WR,9,Matt,33,WR33,80,88,1,83,1,67,2023
Marquise Brown,WR,7,Stephen,37,WR37,80,86,1,90,1,73,2023
Jahan Dotson,WR,10,Jared,32,WR32,81,100,1,82,1,66,2023
George Pickens,WR,9,George,34,WR34,81,91,1,84,1,68,2023
Dalvin Cook,RB,9,Jared,29,RB29,82,96,1,85,1,69,2023
Gabe Davis,WR,9,William,35,WR35,83,106,1,87,1,70,2023
Geno Smith,QB,9,Brad,17,QB17,83,101,1,86,0,17,2023
Isiah Pacheco,RB,7,Matt,30,RB30,83,90,1,91,1,74,2023
Elijah Mitchell,RB,1,Kling,50,RB50,83,84,1,138,1,116,2023
Pat Freiermuth,TE,5,George,8,TE8,87,92,1,95,1,78,2023
D'Andre Swift,RB,5,Anthony,33,RB33,88,95,1,96,1,79,2023
Zay Flowers,WR,5,William,40,WR40,89,99,1,98,1,81,2023
Jordan Addison,WR,5,Dustin,39,WR39,89,97,1,97,1,80,2023
Antonio Gibson,RB,6,Alex,31,RB31,91,102,1,92,1,75,2023
David Njoku,TE,3,William,9,TE9,91,94,1,107,1,90,2023
Khalil Herbert,RB,6,Dustin,32,RB32,92,110,1,93,1,76,2023
Jaylen Warren,RB,5,Alex,34,RB34,92,103,1,99,1,82,2023
Michael Pittman Jr.,WR,4,Kling,41,WR41,93,98,1,102,1,85,2023
Zach Charbonnet,RB,5,Alex,35,RB35,94,116,1,100,1,83,2023
Brandin Cooks,WR,4,Jared,42,WR42,98,105,1,103,1,86,2023
Samaje Perine,RB,4,George,37,RB37,100,111,1,104,1,87,2023
Treylon Burks,WR,4,Brad,43,WR43,101,128,1,106,1,89,2023
Jamaal Williams,RB,4,John,38,RB38,101,124,1,105,1,88,2023
Skyy Moore,WR,3,Dustin,45,WR45,102,109,1,109,1,92,2023
Michael Thomas,WR,3,Alex,44,WR44,102,108,1,108,1,91,2023
Cole Kmet,TE,1,John,11,TE11,102,104,1,139,1,117,2023
Rashaad Penny,RB,2,George,44,RB44,103,107,1,125,1,105,2023
Brian Robinson Jr.,RB,3,John,40,RB40,104,114,1,112,1,94,2023
Derek Carr,QB,3,Alex,18,QB18,104,113,1,111,0,18,2023
Raheem Mostert,RB,3,Matt,39,RB39,104,112,1,110,1,93,2023
Brock Purdy,QB,3,Trevor,19,QB19,105,119,1,115,0,19,2023
Tank Bigsby,RB,3,Brad,41,RB41,105,118,1,114,1,96,2023
Quentin Johnston,WR,3,William,46,WR46,105,117,1,113,1,95,2023
Evan Engram,TE,3,John,10,TE10,106,127,1,116,1,97,2023
Romeo Doubs,WR,3,Dustin,51,WR51,107,151,1,123,1,104,2023
Marvin Mims Jr.,WR,3,George,50,WR50,107,145,1,122,1,103,2023
JuJu Smith-Schuster,WR,3,Alex,49,WR49,107,139,1,121,1,102,2023
Elijah Moore,WR,3,Brad,48,WR48,107,137,1,120,1,101,2023
Ezekiel Elliott,RB,3,Alex,43,RB43,107,136,1,119,1,100,2023
Jeff Wilson Jr.,RB,3,Jared,42,RB42,107,134,1,118,1,99,2023
Kadarius Toney,WR,3,Jared,47,WR47,107,132,1,117,1,98,2023
Kenneth Gainwell,RB,2,Alex,45,RB45,110,115,1,126,1,106,2023
Kenny Pickett,QB,2,George,21,QB21,114,121,1,127,0,21,2023
Allen Lazard,WR,2,Anthony,52,WR52,117,131,1,129,1,108,2023
Jerick McKinnon,RB,2,Matt,46,RB46,117,130,1,128,1,107,2023
Tyler Boyd,WR,1,Kling,57,WR57,117,120,1,140,1,118,2023
Tyler Allgeier,RB,2,Jared,47,RB47,118,133,1,130,1,109,2023
Damien Harris,RB,1,Anthony,51,RB51,118,123,1,142,1,120,2023
Rashee Rice,WR,1,George,58,WR58,118,122,1,141,1,119,2023
De'Von Achane,RB,2,William,48,RB48,119,135,1,131,1,110,2023
Deon Jackson,RB,1,Jared,52,RB52,119,126,1,144,1,122,2023
Odell Beckham Jr.,WR,1,Alex,59,WR59,119,125,1,143,1,121,2023
Adam Thielen,WR,1,Stephen,60,WR60,121,129,1,145,1,123,2023
Rashod Bateman,WR,2,Trevor,53,WR53,122,141,1,132,1,111,2023
Nico Collins,WR,2,Brad,54,WR54,123,149,1,134,1,113,2023
Kendre Miller,RB,2,William,49,RB49,123,147,1,133,1,112,2023
Jameson Williams,WR,2,William,56,WR56,124,162,1,136,1,115,2023
Darnell Mooney,WR,2,Anthony,55,WR55,124,155,1,135,1,114,2023
Rashid Shaheed,WR,1,Brad,61,WR61,129,138,1,146,1,124,2023
Jalin Hyatt,WR,1,Stephen,62,WR62,130,140,1,147,1,125,2023
D'Onta Foreman,RB,1,Dustin,53,RB53,131,144,1,150,1,128,2023
Michael Gallup,WR,1,Kling,63,WR63,131,143,1,149,1,127,2023
Dalton Schultz,TE,1,Trevor,12,TE12,131,142,1,148,1,126,2023
Devin Singletary,RB,1,Anthony,54,RB54,132,146,1,151,1,129,2023
Zay Jones,WR,1,Alex,64,WR64,133,148,1,152,1,130,2023
Jakobi Meyers,WR,1,John,65,WR65,134,150,1,153,1,131,2023
Gus Edwards,RB,1,Kling,56,RB56,135,154,1,156,1,134,2023
Donovan Peoples-Jones,WR,1,Trevor,66,WR66,135,153,1,155,1,133,2023
Tyjae Spears,RB,1,William,55,RB55,135,152,1,154,1,132,2023
Van Jefferson,WR,1,Stephen,69,WR69,136,161,1,162,1,139,2023
Chuba Hubbard,RB,1,John,57,RB57,136,160,1,161,1,138,2023
Juwan Johnson,TE,1,Brad,13,TE13,136,159,1,160,1,137,2023
Jonathan Mingo,WR,1,Matt,68,WR68,136,158,1,159,1,136,2023
Rondale Moore,WR,1,Anthony,67,WR67,136,157,1,158,1,135,2023
Jordan Love,QB,1,George,23,QB23,136,156,1,157,0,23,2023
Gerald Everett,TE,1,Stephen,15,TE15,137,180,1,180,1,156,2023
Wan'Dale Robinson,WR,1,Stephen,76,WR76,137,179,1,179,1,155,2023
Sam Howell,QB,1,Dustin,24,QB24,137,178,1,178,0,24,2023
Keaontay Ingram,RB,1,Trevor,65,RB65,137,177,1,177,1,154,2023
Curtis Samuel,WR,1,Stephen,75,WR75,137,176,1,176,1,153,2023
Joshua Kelley,RB,1,Dustin,64,RB64,137,175,1,175,1,152,2023
Mecole Hardman Jr.,WR,1,Trevor,74,WR74,137,174,1,174,1,151,2023
Jerome Ford,RB,1,Stephen,63,RB63,137,173,1,173,1,150,2023
Isaiah Hodgins,WR,1,John,73,WR73,137,172,1,172,1,149,2023
Deuce Vaughn,RB,1,Matt,62,RB62,137,171,1,171,1,148,2023
Chigoziem Okonkwo,TE,1,Dustin,14,TE14,137,170,1,170,1,147,2023
Darius Slayton,WR,1,Trevor,72,WR72,137,169,1,169,1,146,2023
Zamir White,RB,1,Stephen,61,RB61,137,168,1,168,1,145,2023
Roschon Johnson,RB,1,John,60,RB60,137,167,1,167,1,144,2023
Zack Moss,RB,1,Matt,59,RB59,137,166,1,166,1,143,2023
Clyde Edwards-Helaire,RB,1,George,58,RB58,137,165,1,165,1,142,2023
DJ Chark Jr.,WR,1,Dustin,71,WR71,137,164,1,164,1,141,2023
Alec Pierce,WR,1,Trevor,70,WR70,137,163,1,163,1,140,2023
Jonathan Taylor,RB,57,Stephen,1,RB1,1,1,1,1,1,1,2022
Derrick Henry,RB,57,George,2,RB2,1,11,1,2,1,2,2022
Christian McCaffrey,RB,52,Stephen,3,RB3,2,3,1,3,1,3,2022
A.J. Brown,WR,22,John,13,WR13,2,2,1,40,1,33,2022
Cooper Kupp,WR,52,Alex,1,WR1,3,17,1,4,1,4,2022
Austin Ekeler,RB,49,Dustin,4,RB4,3,9,1,5,1,5,2022
Josh Allen,QB,47,Trevor,1,QB1,3,4,1,7,0,1,2022
Dalvin Cook,RB,48,John,5,RB5,4,10,1,6,1,6,2022
Najee Harris,RB,40,Alex,8,RB8,4,8,1,11,1,10,2022
Justin Herbert,QB,39,Brad,2,QB2,4,6,1,12,0,2,2022
Tony Pollard,RB,17,Dustin,23,RB23,5,5,1,59,1,45,2022
Joe Burrow,QB,18,Kling,13,QB13,6,7,1,55,0,13,2022
Justin Jefferson,WR,46,John,2,WR2,7,15,1,8,1,7,2022
Joe Mixon,RB,43,Anthony,7,RB7,8,16,1,10,1,9,2022
Alvin Kamara,RB,45,Jared,6,RB6,9,22,1,9,1,8,2022
Leonard Fournette,RB,36,Alex,11,RB11,9,12,1,17,1,14,2022
Lamar Jackson,QB,35,Dustin,4,QB4,10,14,1,19,0,4,2022
Stefon Diggs,WR,34,Trevor,4,WR4,10,13,1,20,1,16,2022
Ja'Marr Chase,WR,39,Anthony,3,WR3,12,24,1,13,1,11,2022
D'Andre Swift,RB,39,Jared,9,RB9,12,26,1,14,1,12,2022
Patrick Mahomes,QB,38,George,3,QB3,12,18,1,15,0,3,2022
Aaron Jones,RB,36,William,12,RB12,14,23,1,18,1,15,2022
Saquon Barkley,RB,38,Matt,10,RB10,15,29,1,16,1,13,2022
Deebo Samuel,WR,30,Trevor,7,WR7,16,19,1,24,1,19,2022
Javonte Williams,RB,29,Matt,14,RB14,17,21,1,27,1,22,2022
Travis Kelce,TE,27,Matt,1,TE1,17,20,1,30,1,24,2022
Nick Chubb,RB,30,Trevor,13,RB13,19,25,1,25,1,20,2022
Davante Adams,WR,32,Kling,5,WR5,20,27,1,21,1,17,2022
CeeDee Lamb,WR,31,Jared,6,WR6,21,28,1,22,1,18,2022
Kyler Murray,QB,31,Stephen,5,QB5,22,30,1,23,0,5,2022
Mike Evans,WR,30,William,8,WR8,24,39,1,26,1,21,2022
Jalen Hurts,QB,29,Brad,6,QB6,27,41,1,28,0,6,2022
DJ Moore,WR,29,Dustin,9,WR9,27,47,1,29,1,23,2022
James Conner,RB,26,Anthony,15,RB15,28,32,1,31,1,25,2022
Mark Andrews,TE,26,Kling,2,TE2,28,34,1,32,1,26,2022
Ezekiel Elliott,RB,26,John,16,RB16,28,35,1,33,1,27,2022
David Montgomery,RB,24,Kling,17,RB17,28,31,1,36,1,29,2022
Tyreek Hill,WR,24,William,11,WR11,29,33,1,37,1,30,2022
Trey Lance,QB,26,Matt,7,QB7,31,53,1,34,0,7,2022
Breece Hall,RB,22,Alex,19,RB19,33,38,1,41,1,34,2022
Cam Akers,RB,22,Trevor,20,RB20,34,40,1,42,1,35,2022
Matthew Stafford,QB,18,John,14,QB14,34,37,1,56,0,14,2022
Michael Pittman,WR,25,William,10,WR10,35,59,1,35,1,28,2022
J.K. Dobbins,RB,23,Brad,18,RB18,35,45,1,39,1,32,2022
Tom Brady,QB,22,Matt,8,QB8,35,42,1,43,0,8,2022
Mike Williams,WR,24,Alex,12,WR12,36,64,1,38,1,31,2022
Josh Jacobs,RB,11,Kling,28,RB28,36,36,1,73,1,58,2022
Russell Wilson,QB,21,Dustin,9,QB9,39,43,1,44,0,9,2022
Travis Etienne,RB,19,Brad,22,RB22,40,44,1,51,1,41,2022
AJ Dillon,RB,21,George,21,RB21,41,51,1,45,1,36,2022
Dak Prescott,QB,19,Kling,11,QB11,41,46,1,52,0,11,2022
Tee Higgins,WR,20,Brad,15,WR15,43,52,1,47,1,38,2022
Courtland Sutton,WR,21,Stephen,14,WR14,44,72,1,46,1,37,2022
Keenan Allen,WR,20,Anthony,16,WR16,44,54,1,48,1,39,2022
Kyle Pitts,TE,20,George,3,TE3,44,55,1,49,1,40,2022
Aaron Rodgers,QB,20,Anthony,10,QB10,44,56,1,50,0,10,2022
Elijah Mitchell,RB,17,Kling,24,RB24,46,49,1,60,1,46,2022
Derek Carr,QB,19,Jared,12,QB12,48,58,1,53,0,12,2022
Antonio Gibson,RB,9,Dustin,31,RB31,48,48,1,87,1,70,2022
Rashod Bateman,WR,19,Dustin,17,WR17,50,66,1,54,1,42,2022
Damien Harris,RB,5,John,39,RB39,50,50,1,103,1,86,2022
Allen Robinson,WR,18,William,18,WR18,54,69,1,57,1,43,2022
Clyde Edwards-Helaire,RB,13,William,25,RB25,54,57,1,66,1,51,2022
Jerry Jeudy,WR,18,William,19,WR19,55,75,1,58,1,44,2022
Terry McLaurin,WR,14,Brad,23,WR23,56,63,1,64,1,50,2022
Darren Waller,TE,13,Dustin,4,TE4,56,61,1,67,1,52,2022
Jaylen Waddle,WR,12,Matt,24,WR24,58,62,1,68,1,53,2022
JuJu Smith-Schuster,WR,17,Matt,20,WR20,59,77,1,61,1,47,2022
Kirk Cousins,QB,14,Stephen,15,QB15,60,74,1,65,0,15,2022
Chris Godwin,WR,12,Jared,25,WR25,60,65,1,69,1,54,2022
Justin Fields,QB,4,William,18,QB18,60,60,1,106,0,18,2022
Gabe Davis,WR,15,Alex,22,WR22,61,76,1,63,1,49,2022
Diontae Johnson,WR,12,John,26,WR26,61,67,1,70,1,55,2022
Marquise Brown,WR,16,Stephen,21,WR21,62,78,1,62,1,48,2022
DK Metcalf,WR,11,George,27,WR27,64,68,1,74,1,59,2022
George Kittle,TE,11,Kling,5,TE5,65,70,1,75,1,60,2022
Devin Singletary,RB,12,Matt,26,RB26,68,89,1,71,1,56,2022
Cordarrelle Patterson,RB,12,Trevor,27,RB27,68,90,1,72,1,57,2022
Dallas Goedert,TE,10,Trevor,8,TE8,69,73,1,84,1,67,2022
Tua Tagovailoa,QB,11,William,16,QB16,71,81,1,76,0,16,2022
Trevor Lawrence,QB,11,Jared,17,QB17,71,82,1,77,0,17,2022
Dalton Schultz,TE,11,Brad,6,TE6,71,85,1,78,1,61,2022
T.J. Hockenson,TE,11,Jared,7,TE7,71,86,1,79,1,62,2022
Rashaad Penny,RB,11,Anthony,29,RB29,71,88,1,80,1,63,2022
DeAndre Hopkins,WR,3,Trevor,42,WR42,71,71,1,114,1,95,2022
Michael Thomas,WR,11,Kling,28,WR28,73,91,1,81,1,64,2022
Adam Thielen,WR,11,George,29,WR29,73,101,1,82,1,65,2022
Kareem Hunt,RB,11,George,30,RB30,73,106,1,83,1,66,2022
Darnell Mooney,WR,10,Jared,30,WR30,74,79,1,85,1,68,2022
Brandin Cooks,WR,10,Anthony,31,WR31,76,84,1,86,1,69,2022
Amon-Ra St. Brown,WR,9,George,32,WR32,76,80,1,88,1,71,2022
Zach Ertz,TE,5,Anthony,9,TE9,83,87,1,104,1,87,2022
Julio Jones,WR,2,Matt,53,WR53,83,83,1,130,1,109,2022
Rhamondre Stevenson,RB,9,William,32,RB32,85,100,1,89,1,72,2022
Kadarius Toney,WR,9,Brad,33,WR33,87,124,1,90,1,73,2022
Miles Sanders,RB,8,Jared,33,RB33,87,94,1,91,1,74,2022
Elijah Moore,WR,7,John,35,WR35,87,92,1,96,1,79,2022
Amari Cooper,WR,7,Brad,36,WR36,87,93,1,97,1,80,2022
Chase Edmonds,RB,8,Anthony,34,RB34,90,110,1,92,1,75,2022
Robert Woods,WR,8,George,34,WR34,90,115,1,93,1,76,2022
James Robinson,RB,8,Kling,35,RB35,90,116,1,94,1,77,2022
Nyheim Hines,RB,8,Brad,36,RB36,91,130,1,95,1,78,2022
Allen Lazard,WR,7,Kling,37,WR37,91,109,1,98,1,81,2022
Christian Kirk,WR,6,Kling,39,WR39,93,108,1,101,1,84,2022
DeVonta Smith,WR,3,Kling,43,WR43,93,96,1,115,1,96,2022
Dawson Knox,TE,3,John,10,TE10,93,98,1,116,1,97,2022
Jameis Winston,QB,3,Anthony,20,QB20,93,99,1,117,0,20,2022
Hunter Renfrow,WR,7,Anthony,38,WR38,94,118,1,99,1,82,2022
Mark Ingram,RB,2,Dustin,47,RB47,94,95,1,131,1,110,2022
James Cook,RB,7,William,37,RB37,95,126,1,100,1,83,2022
Darrell Henderson,RB,3,Brad,45,RB45,95,102,1,118,1,98,2022
Drake London,WR,3,George,44,WR44,95,103,1,119,1,99,2022
Albert Okwuegbunam,TE,1,Alex,11,TE11,97,97,1,140,1,119,2022
Dameon Pierce,RB,6,Brad,38,RB38,98,123,1,102,1,85,2022
Brandon Aiyuk,WR,4,Brad,40,WR40,98,111,1,107,1,89,2022
Kenneth Walker,RB,4,John,41,RB41,98,112,1,108,1,90,2022
Matt Ryan,QB,4,George,19,QB19,101,122,1,109,0,19,2022
Melvin Gordon,RB,3,Jared,46,RB46,101,113,1,120,1,100,2022
Brian Robinson,RB,5,Brad,40,RB40,102,128,1,105,1,88,2022
Alexander Mattison,RB,4,Matt,42,RB42,103,125,1,110,1,91,2022
Tyler Lockett,WR,1,George,59,WR59,103,104,1,141,1,120,2022
Cole Kmet,TE,1,William,12,TE12,103,105,1,142,1,121,2022
Rondale Moore,WR,3,Brad,45,WR45,104,119,1,121,1,101,2022
Isaiah McKenzie,WR,1,Dustin,60,WR60,104,107,1,143,1,122,2022
Michael Carter,RB,4,Anthony,43,RB43,106,135,1,111,1,92,2022
Russell Gage,WR,4,Matt,41,WR41,106,136,1,112,1,93,2022
Kenneth Gainwell,RB,4,Jared,44,RB44,106,144,1,113,1,94,2022
Treylon Burks,WR,3,Kling,46,WR46,109,127,1,122,1,102,2022
Skyy Moore,WR,3,Trevor,47,WR47,110,129,1,123,1,103,2022
Chris Olave,WR,1,Stephen,61,WR61,110,114,1,144,1,123,2022
George Pickens,WR,3,Matt,48,WR48,111,131,1,124,1,104,2022
Mac Jones,QB,3,John,21,QB21,111,134,1,125,0,21,2022
Chase Claypool,WR,2,Trevor,54,WR54,112,121,1,132,1,111,2022
David Njoku,TE,1,William,13,TE13,112,117,1,145,1,124,2022
K.J. Osborn,WR,3,Kling,49,WR49,113,137,1,126,1,105,2022
Robbie Anderson,WR,3,Alex,50,WR50,113,139,1,127,1,106,2022
Tyler Boyd,WR,3,Trevor,51,WR51,114,145,1,128,1,107,2022
Marquez Valdes-Scantling,WR,3,George,52,WR52,114,155,1,129,1,108,2022
Daniel Jones,QB,1,Trevor,22,QB22,114,120,1,146,0,22,2022
Boston Scott,RB,1,Trevor,51,RB51,125,132,1,147,1,125,2022
Irv Smith,TE,1,Alex,14,TE14,125,133,1,148,1,126,2022
Garrett Wilson,WR,2,Jared,55,WR55,127,140,1,133,1,112,2022
J.D. McKissic,RB,2,Jared,48,RB48,127,141,1,134,1,113,2022
Jakobi Meyers,WR,2,John,56,WR56,129,147,1,135,1,114,2022
Zamir White,RB,1,George,52,RB52,129,138,1,149,1,127,2022
Rachaad White,RB,2,Matt,49,RB49,130,156,1,136,1,115,2022
Sony Michel,RB,2,William,50,RB50,130,158,1,137,1,116,2022
Kenny Golladay,WR,2,John,57,WR57,130,159,1,138,1,117,2022
Romeo Doubs,WR,2,Jared,58,WR58,130,160,1,139,1,118,2022
DeVante Parker,WR,1,Trevor,62,WR62,132,142,1,150,1,128,2022
Jarvis Landry,WR,1,Alex,63,WR63,132,143,1,151,1,129,2022
Michael Gallup,WR,1,Matt,64,WR64,134,146,1,152,1,130,2022
Dontrell Hilliard,RB,1,George,53,RB53,135,148,1,153,1,131,2022
Jameson Williams,WR,1,William,65,WR65,135,149,1,154,1,132,2022
Tyler Allgeier,RB,1,Jared,54,RB54,135,150,1,155,1,133,2022
Khalil Herbert,RB,1,Dustin,55,RB55,135,151,1,156,1,134,2022
Samaje Perine,RB,1,Trevor,56,RB56,135,152,1,157,1,135,2022
Jamaal Williams,RB,1,Alex,57,RB57,135,153,1,158,1,136,2022
Pat Freiermuth,TE,1,John,15,TE15,135,154,1,159,1,137,2022
Marvin Jones,WR,1,Stephen,66,WR66,137,157,1,160,1,138,2022
Kendrick Bourne,WR,1,Alex,67,WR67,140,161,1,161,1,139,2022
John FitzPatrick,TE,1,John,16,TE16,140,162,1,162,1,140,2022
DJ Chark,WR,1,Anthony,68,WR68,140,163,1,163,1,141,2022
Isiah Pacheco,RB,1,Matt,58,RB58,140,164,1,164,1,142,2022
Ronald Jones,RB,1,Stephen,59,RB59,140,165,1,165,1,143,2022
Hunter Henry,TE,1,Dustin,17,TE17,140,166,1,166,1,144,2022
Donovan Peoples-Jones,WR,1,Alex,69,WR69,140,167,1,167,1,145,2022
Isaiah Spiller,RB,1,Anthony,60,RB60,140,168,1,168,1,146,2022
Eno Benjamin,RB,1,Stephen,61,RB61,140,169,1,169,1,147,2022
Joshua Kelley,RB,1,Dustin,62,RB62,140,170,1,170,1,148,2022
Carson Wentz,QB,1,Alex,23,QB23,140,171,1,171,0,23,2022
Raheem Mostert,RB,1,Anthony,63,RB63,140,172,1,172,1,149,2022
Devin Duvernay,WR,1,Stephen,70,WR70,140,173,1,173,1,150,2022
Gus Edwards,RB,1,Dustin,64,RB64,140,174,1,174,1,151,2022
Ryan Tannehill,QB,1,Alex,24,QB24,140,175,1,175,0,24,2022
Mecole Hardman,WR,1,Stephen,71,WR71,140,176,1,176,1,152,2022
Jahan Dotson,WR,1,Dustin,72,WR72,140,177,1,177,1,153,2022
Randall Cobb,WR,1,Stephen,73,WR73,140,178,1,178,1,154,2022
Jeff Wilson,RB,1,Stephen,65,RB65,140,179,1,179,1,155,2022
Gerald Everett,TE,1,Stephen,18,TE18,140,180,1,180,1,156,2022
Christian McCaffrey,RB,70,John,1,RB1,1,1,1,1,1,1,2021
Dalvin Cook,RB,65,Matt,2,RB2,2,4,1,2,1,2,2021
Alvin Kamara,RB,59,Stephen,3,RB3,3,8,1,3,1,3,2021
Derrick Henry,RB,56,Alex,4,RB4,4,3,1,4,1,4,2021
Ezekiel Elliott,RB,50,Jared,5,RB5,5,10,1,5,1,5,2021
Patrick Mahomes,QB,49,Alex,1,QB1,6,2,1,6,0,1,2021
Davante Adams,WR,48,Matt,1,WR1,7,20,1,7,1,6,2021
Josh Allen,QB,47,Trevor,2,QB2,8,5,1,8,0,2,2021
Kyler Murray,QB,46,Stephen,3,QB3,9,7,1,9,0,3,2021
Nick Chubb,RB,46,Anthony,6,RB6,10,16,1,10,1,7,2021
Saquon Barkley,RB,45,John,7,RB7,11,13,1,11,1,8,2021
Lamar Jackson,QB,44,William,4,QB4,12,9,1,12,0,4,2021
Tyreek Hill,WR,44,Anthony,2,WR2,13,15,1,13,1,9,2021
Aaron Jones,RB,44,Trevor,8,RB8,14,17,1,14,1,10,2021
Antonio Gibson,RB,44,Dustin,9,RB9,15,38,1,15,1,11,2021
Travis Kelce,TE,42,Stephen,1,TE1,16,12,1,16,1,12,2021
Stefon Diggs,WR,42,George,3,WR3,17,24,1,17,1,13,2021
Aaron Rodgers,QB,41,George,5,QB5,18,27,1,18,0,5,2021
Austin Ekeler,RB,39,George,10,RB10,19,18,1,19,1,14,2021
Darren Waller,TE,39,Dustin,2,TE2,20,25,1,20,1,15,2021
Jonathan Taylor,RB,38,Kling,11,RB11,21,14,1,21,1,16,2021
DeAndre Hopkins,WR,38,Stephen,4,WR4,22,26,1,22,1,17,2021
Joe Mixon,RB,38,Jared,12,RB12,23,34,1,23,1,18,2021
Najee Harris,RB,37,Brad,13,RB13,24,22,1,24,1,19,2021
DK Metcalf,WR,37,Kling,5,WR5,25,33,1,25,1,20,2021
Russell Wilson,QB,36,Kling,6,QB6,26,21,1,26,0,6,2021
Clyde Edwards-Helaire,RB,35,William,14,RB14,27,28,1,27,1,21,2021
Calvin Ridley,WR,35,Jared,6,WR6,28,30,1,28,1,22,2021
Justin Herbert,QB,34,Dustin,7,QB7,29,11,1,29,0,7,2021
Dak Prescott,QB,30,Brad,8,QB8,30,6,1,30,0,8,2021
Tom Brady,QB,29,Kling,9,QB9,31,19,1,31,0,9,2021
Justin Jefferson,WR,29,Dustin,8,WR8,32,29,1,32,1,23,2021
A.J. Brown,WR,29,Dustin,7,WR7,33,31,1,33,1,24,2021
Chris Carson,RB,29,Brad,15,RB15,34,51,1,34,1,25,2021
David Montgomery,RB,28,Trevor,16,RB16,35,43,1,35,1,26,2021
Josh Jacobs,RB,26,Trevor,17,RB17,36,44,1,36,1,27,2021
Allen Robinson,WR,25,Matt,11,WR11,37,41,1,37,1,28,2021
J.K. Dobbins,RB,25,John,18,RB18,38,42,1,38,1,29,2021
CeeDee Lamb,WR,25,William,10,WR10,39,54,1,39,1,30,2021
Keenan Allen,WR,25,Matt,9,WR9,40,56,1,40,1,31,2021
George Kittle,TE,23,Alex,3,TE3,41,23,1,41,1,32,2021
D'Andre Swift,RB,23,Brad,19,RB19,42,37,1,42,1,33,2021
Terry McLaurin,WR,22,Brad,13,WR13,43,52,1,43,1,34,2021
Mike Evans,WR,22,Alex,12,WR12,44,60,1,44,1,35,2021
Miles Sanders,RB,21,William,20,RB20,45,50,1,45,1,36,2021
Darrell Henderson,RB,20,Anthony,21,RB21,46,49,1,46,1,37,2021
Chris Godwin,WR,20,Kling,14,WR14,47,55,1,47,1,38,2021
Matthew Stafford,QB,17,Jared,10,QB10,48,40,1,48,0,10,2021
Kyle Pitts,TE,17,Matt,5,TE5,49,46,1,49,1,39,2021
Mark Andrews,TE,17,Trevor,4,TE4,50,53,1,50,1,40,2021
Myles Gaskin,RB,17,George,22,RB22,51,63,1,51,1,41,2021
Robert Woods,WR,17,Alex,15,WR15,52,81,1,52,1,42,2021
Amari Cooper,WR,16,Anthony,17,WR17,53,57,1,53,1,43,2021
Travis Etienne,RB,16,Anthony,23,RB23,54,72,1,54,1,44,2021
Cooper Kupp,WR,16,Jared,16,WR16,55,85,1,55,1,45,2021
Adam Thielen,WR,15,William,18,WR18,56,61,1,56,1,46,2021
T.J. Hockenson,TE,15,Anthony,6,TE6,57,62,1,57,1,47,2021
Kareem Hunt,RB,14,Jared,24,RB24,58,76,1,58,1,48,2021
Chase Edmonds,RB,14,Kling,25,RB25,59,80,1,59,1,49,2021
Mike Davis,RB,14,Brad,26,RB26,60,82,1,60,1,50,2021
James Robinson,RB,14,William,27,RB27,61,89,1,61,1,51,2021
Joe Burrow,QB,13,Brad,13,QB13,62,32,1,62,0,11,2021
Jalen Hurts,QB,13,Jared,12,QB12,63,39,1,63,0,12,2021
Ryan Tannehill,QB,13,Anthony,11,QB11,64,58,1,64,0,13,2021
Diontae Johnson,WR,13,Brad,20,WR20,65,68,1,65,1,52,2021
Tyler Lockett,WR,13,George,19,WR19,66,91,1,66,1,53,2021
Matt Ryan,QB,12,John,14,QB14,67,35,1,67,0,14,2021
Julio Jones,WR,12,John,23,WR23,68,66,1,68,1,54,2021
Odell Beckham,WR,12,John,22,WR22,69,87,1,69,1,55,2021
Brandon Aiyuk,WR,12,George,21,WR21,70,92,1,70,1,56,2021
Trevor Lawrence,QB,11,Trevor,15,QB15,71,45,1,71,0,15,2021
D.J. Moore,WR,11,Trevor,24,WR24,72,84,1,72,1,57,2021
Tua Tagovailoa,QB,10,William,16,QB16,73,59,1,73,0,16,2021
Ja'Marr Chase,WR,10,William,27,WR27,74,64,1,74,1,58,2021
Javonte Williams,RB,10,William,28,RB28,75,69,1,75,1,59,2021
Tee Higgins,WR,10,Kling,26,WR26,76,94,1,76,1,60,2021
Chase Claypool,WR,10,John,25,WR25,77,95,1,77,1,61,2021
Kirk Cousins,QB,9,Anthony,17,QB17,78,70,1,78,0,17,2021
Trey Sermon,RB,9,George,29,RB29,79,105,1,79,1,62,2021
Kenny Golladay,WR,8,Anthony,30,WR30,80,74,1,80,1,63,2021
Michael Thomas,WR,8,Alex,29,WR29,81,93,1,81,1,64,2021
Raheem Mostert,RB,8,Trevor,30,RB30,82,101,1,82,1,65,2021
Damien Harris,RB,8,Matt,31,RB31,83,109,1,83,1,66,2021
Jerry Jeudy,WR,8,Kling,28,WR28,84,110,1,84,1,67,2021
Michael Carter,RB,7,Alex,32,RB32,85,67,1,85,1,68,2021
Robert Tonyan,TE,7,George,7,TE7,86,79,1,86,1,69,2021
Courtland Sutton,WR,6,Alex,32,WR32,87,96,1,87,1,70,2021
Zack Moss,RB,6,Dustin,33,RB33,88,103,1,88,1,71,2021
Robby Anderson,WR,6,Brad,31,WR31,89,116,1,89,1,72,2021
Melvin Gordon,RB,5,Dustin,34,RB34,90,100,1,90,1,73,2021
JuJu Smith-Schuster,WR,5,George,33,WR33,91,104,1,91,1,74,2021
Ronald Jones,RB,5,Anthony,35,RB35,92,106,1,92,1,75,2021
Ryan Fitzpatrick,QB,4,Alex,18,QB18,93,47,1,93,0,18,2021
Deebo Samuel,WR,4,Jared,37,WR37,94,102,1,94,1,76,2021
Brandin Cooks,WR,4,William,36,WR36,95,107,1,95,1,77,2021
James Conner,RB,4,Jared,36,RB36,96,118,1,96,1,78,2021
Antonio Brown,WR,4,William,35,WR35,97,121,1,97,1,79,2021
Tyler Boyd,WR,4,Jared,34,WR34,98,124,1,98,1,80,2021
Tony Pollard,RB,4,Brad,37,RB37,99,132,1,99,1,81,2021
Noah Fant,TE,3,John,9,TE9,100,86,1,100,1,82,2021
Tyler Higbee,TE,3,Brad,8,TE8,101,108,1,101,1,83,2021
Trey Lance,QB,3,Dustin,19,QB19,102,113,1,102,0,19,2021
A.J. Dillon,RB,3,Stephen,38,RB38,103,117,1,103,1,84,2021
Giovani Bernard,RB,3,George,39,RB39,104,151,1,104,1,85,2021
Los Angeles Rams,DST,2,Stephen,4,DST4,105,36,0,1,2,1,2021
Taysom Hill,QB,2,John,22,QB22,106,71,1,105,0,20,2021
San Francisco 49ers,DST,2,Kling,3,DST3,107,75,0,2,2,2,2021
Baker Mayfield,QB,2,George,21,QB21,108,77,1,106,0,21,2021
Tampa Bay Buccaneers,DST,2,Alex,2,DST2,109,78,0,3,2,3,2021
Derek Carr,QB,2,Matt,20,QB20,110,83,1,107,0,22,2021
Baltimore Ravens,DST,2,Anthony,1,DST1,111,90,0,4,2,4,2021
D.J. Chark,WR,2,Trevor,47,WR47,112,99,1,108,1,86,2021
Leonard Fournette,RB,2,Stephen,40,RB40,113,111,1,109,1,87,2021
DeVonta Smith,WR,2,Brad,46,WR46,114,112,1,110,1,88,2021
Will Fuller,WR,2,John,45,WR45,115,114,1,111,1,89,2021
Jarvis Landry,WR,2,George,44,WR44,116,119,1,112,1,90,2021
Jaylen Waddle,WR,2,Dustin,43,WR43,117,122,1,113,1,91,2021
Curtis Samuel,WR,2,Dustin,42,WR42,118,123,1,114,1,92,2021
Rob Gronkowski,TE,2,Alex,11,TE11,119,125,1,115,1,93,2021
Alexander Mattison,RB,2,Brad,41,RB41,120,127,1,116,1,94,2021
Logan Thomas,TE,2,William,10,TE10,121,128,1,117,1,95,2021
Devin Singletary,RB,2,John,42,RB42,122,129,1,118,1,96,2021
Marvin Jones,WR,2,Matt,41,WR41,123,131,1,119,1,97,2021
Gus Edwards,RB,2,Anthony,43,RB43,124,136,1,120,1,98,2021
Nyheim Hines,RB,2,William,44,RB44,125,137,1,121,1,99,2021
Kenyan Drake,RB,2,John,45,RB45,126,139,1,122,1,100,2021
Mecole Hardman,WR,2,Dustin,40,WR40,127,141,1,123,1,101,2021
Darnell Mooney,WR,2,George,39,WR39,128,143,1,124,1,102,2021
Mike Williams,WR,2,Anthony,38,WR38,129,145,1,125,1,103,2021
J.D. McKissic,RB,2,Dustin,46,RB46,130,156,1,126,1,104,2021
Washington Football Team,DST,1,Brad,12,DST12,131,48,0,5,2,5,2021
Indianapolis Colts,DST,1,Dustin,11,DST11,132,65,0,6,2,6,2021
Pittsburgh Steelers,DST,1,Jared,10,DST10,133,73,0,7,2,7,2021
Dallas Goedert,TE,1,William,15,TE15,134,88,1,127,1,105,2021
Irv Smith,TE,1,Jared,14,TE14,135,97,1,128,1,106,2021
Buffalo Bills,DST,1,John,9,DST9,136,98,0,8,2,8,2021
Hunter Henry,TE,1,Kling,13,TE13,137,115,1,129,1,107,2021
Rondale Moore,WR,1,Brad,67,WR67,138,120,1,130,1,108,2021
Cleveland Browns,DST,1,Trevor,8,DST8,139,126,0,9,2,9,2021
David Johnson,RB,1,Anthony,47,RB47,140,130,1,131,1,109,2021
Latavius Murray,RB,1,Jared,48,RB48,141,133,1,132,1,110,2021
Corey Davis,WR,1,John,66,WR66,142,134,1,133,1,111,2021
Elijah Moore,WR,1,Matt,65,WR65,143,135,1,134,1,112,2021
Michael Pittman,WR,1,Trevor,64,WR64,144,138,1,135,1,113,2021
Jamaal Williams,RB,1,George,49,RB49,145,140,1,136,1,114,2021
Laviska Shenault,WR,1,Anthony,63,WR63,146,142,1,137,1,115,2021
Devontae Booker,RB,1,Jared,50,RB50,147,144,1,138,1,116,2021
Tevin Coleman,RB,1,Matt,51,RB51,148,146,1,139,1,117,2021
Denver Broncos,DST,1,William,7,DST7,149,147,0,10,2,10,2021
Mike Gesicki,TE,1,Dustin,12,TE12,150,148,1,140,1,118,2021
Christian Kirk,WR,1,Trevor,62,WR62,151,149,1,141,1,119,2021
Xavier Jones,RB,1,Kling,52,RB52,152,150,1,142,1,120,2021
Michael Gallup,WR,1,Alex,61,WR61,153,152,1,143,1,121,2021
Phillip Lindsay,RB,1,Stephen,53,RB53,154,153,1,144,1,122,2021
Terrace Marshall,WR,1,Jared,60,WR60,155,154,1,145,1,123,2021
T.Y. Hilton,WR,1,John,59,WR59,156,155,1,146,1,124,2021
Russell Gage,WR,1,Dustin,58,WR58,157,157,1,147,1,125,2021
Marquise Brown,WR,1,Trevor,57,WR57,158,158,1,148,1,126,2021
Chuba Hubbard,RB,1,Kling,54,RB54,159,159,1,149,1,127,2021
New England Patriots,DST,1,George,6,DST6,160,160,0,11,2,11,2021
Kenneth Gainwell,RB,1,Alex,55,RB55,161,161,1,150,1,128,2021
Cole Beasley,WR,1,Stephen,56,WR56,162,162,1,151,1,129,2021
Rashaad Penny,RB,1,Matt,56,RB56,163,163,1,152,1,130,2021
Sterling Shepard,WR,1,Trevor,55,WR55,164,164,1,153,1,131,2021
Marquez Valdes-Scantling,WR,1,Kling,54,WR54,165,165,1,154,1,132,2021
Nelson Agholor,WR,1,Alex,53,WR53,166,166,1,155,1,133,2021
Gabriel Davis,WR,1,Stephen,52,WR52,167,167,1,156,1,134,2021
Marlon Mack,RB,1,Matt,57,RB57,168,168,1,157,1,135,2021
Darius Slayton,WR,1,Trevor,51,WR51,169,169,1,158,1,136,2021
Tre'Quan Smith,WR,1,Kling,50,WR50,170,170,1,159,1,137,2021
Darrel Williams,RB,1,Alex,58,RB58,171,171,1,160,1,138,2021
Malcolm Brown,RB,1,Stephen,59,RB59,172,172,1,161,1,139,2021
Jerick McKinnon,RB,1,Matt,60,RB60,173,173,1,162,1,140,2021
Darrynton Evans,RB,1,Kling,61,RB61,174,174,1,163,1,141,2021
Henry Ruggs,WR,1,Stephen,49,WR49,175,175,1,164,1,142,2021
Ben Roethlisberger,QB,1,Matt,24,QB24,176,176,1,165,0,23,2021
Mark Ingram,RB,1,Stephen,62,RB62,177,177,1,166,1,143,2021
Los Angeles Chargers,DST,1,Matt,5,DST5,178,178,0,12,2,12,2021
Jalen Reagor,WR,1,Stephen,48,WR48,179,179,1,167,1,144,2021
Sam Darnold,QB,1,Stephen,23,QB23,180,180,1,168,0,24,2021
